fecha,super,id,nombre,precio_lista,precio_actual,unidad_ref,precio_unidad,precio_sin_imp,promo_llevando,url
2026-09-28T07:48:48,Kilbel,26600,Yerba mate sublime Piporé 500 Gr,2670.0,2136.0,1 Kg,4272.0,1765.29,,https://www.kilbelonline.com/almacen/infusiones/yerba-mate/yerba-mate-sublime-pipore-500-gr/art_26600/
2026-09-28T07:48:48,Kilbel,26601,Yerba mate despalada Piporé 500 Gr,3000.0,2400.0,1 Kg,4800.0,1983.47,,https://www.kilbelonline.com/almacen/infusiones/yerba-mate/yerba-mate-despalada-pipore-500-gr/art_26601/
2026-09-28T07:48:48,Kilbel,21013,Yerba mate con palo Aguantadora 1 Kg,5000.0,4250.0,1 Kg,4250.0,3512.4,,https://www.kilbelonline.com/almacen/infusiones/yerba-mate/yerba-mate-con-palo-aguantadora-1-kg/art_21013/
2026-09-28T07:48:48,Kilbel,24111,Yerba mate 4 flex con palo Taragüi 1 Kg,5000.0,4250.0,1 Kg,4250.0,3512.4,,https://www.kilbelonline.com/almacen/infusiones/yerba-mate/yerba-mate-4-flex-con-palo-taraguei-1-kg/art_24111/
2026-09-28T07:48:48,Kilbel,29442,Yerba mate suave Don Basilio 500 Gr,2580.0,2193.0,1 Kg,4386.0,1812.4,,https://www.kilbelonline.com/almacen/infusiones/yerba-mate/yerba-mate-suave-don-basilio-500-gr/art_29442/
2026-09-28T07:48:48,Kilbel,21039,Yerba mate especial Rosamonte 500 Gr,4100.0,3485.0,1 Kg,6970.0,2880.17,,https://www.kilbelonline.com/almacen/infusiones/yerba-mate/yerba-mate-especial-rosamonte-500-gr/art_21039/
2026-09-28T07:48:48,Kilbel,21473,Yerba mate con palo Sinceridad 1 Kg,4880.0,4392.0,1 Kg,4392.0,3629.75,,https://www.kilbelonline.com/almacen/infusiones/yerba-mate/yerba-mate-con-palo-sinceridad-1-kg/art_21473/
2026-09-28T07:48:48,Kilbel,28939,Yerba mate con hierbas Buenas Y Santas 500 Gr,3100.0,2790.0,1 Kg,5580.0,2305.79,,https://www.kilbelonline.com/almacen/infusiones/yerba-mate/yerba-mate-con-hierbas-buenas-y-santas-500-gr/art_28939/
2026-09-28T07:48:48,Kilbel,24254,Yerba mate con hierbas serranas Cbse 1 Kg,4650.0,4185.0,1 Kg,4185.0,3458.68,,https://www.kilbelonline.com/almacen/infusiones/yerba-mate/yerba-mate-con-hierbas-serranas-cbse-1-kg/art_24254/
2026-09-28T07:48:48,Kilbel,21023,Yerba mate con hierbas serranas Cbse 500 Gr,2500.0,2250.0,1 Kg,4500.0,1859.5,,https://www.kilbelonline.com/almacen/infusiones/yerba-mate/yerba-mate-con-hierbas-serranas-cbse-500-gr/art_21023/
2026-09-28T07:48:48,Kilbel,21030,Yerba mate especial Rosamonte 1 Kg,7000.0,6300.0,1 Kg,6300.0,5206.61,,https://www.kilbelonline.com/almacen/infusiones/yerba-mate/yerba-mate-especial-rosamonte-1-kg/art_21030/
2026-09-28T07:48:48,Kilbel,19515,Yerba mate sabor naranja Cbse 500 Gr,2500.0,2250.0,1 Kg,4500.0,1859.5,,https://www.kilbelonline.com/almacen/infusiones/yerba-mate/yerba-mate-sabor-naranja-cbse-500-gr/art_19515/
2026-09-28T07:48:48,Kilbel,24113,Yerba mate 4 flex con palo Union 1 Kg,5200.0,4680.0,1 Kg,4680.0,3867.77,,https://www.kilbelonline.com/almacen/infusiones/yerba-mate/yerba-mate-4-flex-con-palo-union-1-kg/art_24113/
2026-09-28T07:48:48,Kilbel,25868,Yerba mate c/palo San Javier 1 Kg,3400.0,3060.0,1 Kg,3060.0,2528.93,,https://www.kilbelonline.com/almacen/infusiones/yerba-mate/yerba-mate-c-palo-san-javier-1-kg/art_25868/
2026-09-28T07:48:48,Kilbel,27202,Yerba mate Canarias 1 Kg,14800.0,13764.0,1 Kg,13764.0,11375.21,,https://www.kilbelonline.com/almacen/infusiones/yerba-mate/yerba-mate-canarias-1-kg/art_27202/
2026-09-28T07:48:48,Kilbel,27085,Yerba mate orgánica intensa Pampa 500 Gr,5600.0,5320.0,1 Kg,10640.0,4396.69,,https://www.kilbelonline.com/almacen/infusiones/yerba-mate/yerba-mate-organica-intensa-pampa-500-gr/art_27085/
2026-09-28T07:48:48,Kilbel,22241,Yerba mate orgánica Pampa 500 Gr,5600.0,5320.0,1 Kg,10640.0,4396.69,,https://www.kilbelonline.com/almacen/infusiones/yerba-mate/yerba-mate-organica-pampa-500-gr/art_22241/
2026-09-28T07:48:48,Kilbel,27203,Yerba mate Canarias 500 Gr,7560.0,7182.0,1 Kg,14364.0,5935.54,,https://www.kilbelonline.com/almacen/infusiones/yerba-mate/yerba-mate-canarias-500-gr/art_27203/
2026-09-28T07:48:48,Kilbel,21472,Yerba mate con palo Sinceridad 500 Gr,2800.0,2380.0,1 Kg,4760.0,1966.94,,https://www.kilbelonline.com/almacen/infusiones/yerba-mate/yerba-mate-con-palo-sinceridad-500-gr/art_21472/
2026-09-28T07:48:48,Kilbel,28811,Yerba mate con palo Don Basilio 1 Kg,3960.0,3366.0,1 Kg,3366.0,2781.82,,https://www.kilbelonline.com/almacen/infusiones/yerba-mate/yerba-mate-con-palo-don-basilio-1-kg/art_28811/
2026-09-28T07:48:48,Kilbel,21942,Yerba mate con palo selección especial Amanda 1 Kg,4840.0,4114.0,1 Kg,4114.0,3400.0,,https://www.kilbelonline.com/almacen/infusiones/yerba-mate/yerba-mate-con-palo-seleccion-especial-amanda-1-kg/art_21942/
2026-09-28T07:48:48,Kilbel,26302,Yerba mate con palo Piporé 1 Kg,5030.0,4024.0,1 Kg,4024.0,3325.62,,https://www.kilbelonline.com/almacen/infusiones/yerba-mate/yerba-mate-con-palo-pipore-1-kg/art_26302/
2026-09-28T07:48:48,Kilbel,28940,Yerba mate 4 flex con palo Mañanita 1 Kg,5300.0,4240.0,1 Kg,4240.0,3504.13,,https://www.kilbelonline.com/almacen/infusiones/yerba-mate/yerba-mate-4-flex-con-palo-mananita-1-kg/art_28940/
2026-09-28T07:48:48,Kilbel,21467,Yerba mate tradicional con palo Amanda 1 Kg,4680.0,3749.0,1 Kg,3749.0,3098.35,,https://www.kilbelonline.com/almacen/infusiones/yerba-mate/yerba-mate-tradicional-con-palo-amanda-1-kg/art_21467/
2026-09-28T07:48:48,Kilbel,21610,Yerba mate tradicional con palo Amanda 500 Gr,2540.0,2032.0,1 Kg,4064.0,1679.34,,https://www.kilbelonline.com/almacen/infusiones/yerba-mate/yerba-mate-tradicional-con-palo-amanda-500-gr/art_21610/
2026-09-28T07:48:48,Kilbel,28810,Yerba mate con palo Don Basilio 500 Gr,2160.0,1836.0,1 Kg,3672.0,1517.36,,https://www.kilbelonline.com/almacen/infusiones/yerba-mate/yerba-mate-con-palo-don-basilio-500-gr/art_28810/
2026-09-28T07:48:48,Kilbel,21011,Yerba mate con palo Aguantadora 500 Gr,2800.0,2380.0,1 Kg,4760.0,1966.94,,https://www.kilbelonline.com/almacen/infusiones/yerba-mate/yerba-mate-con-palo-aguantadora-500-gr/art_21011/
2026-09-28T07:48:48,Kilbel,21688,Yerba mate premium Amanda 500 Gr,3480.0,2958.0,1 Kg,5916.0,2444.63,,https://www.kilbelonline.com/almacen/infusiones/yerba-mate/yerba-mate-premium-amanda-500-gr/art_21688/
2026-09-28T07:48:48,Kilbel,24112,Yerba mate 4 flex con palo Union 500 Gr,2900.0,2320.0,1 Kg,4640.0,1917.36,,https://www.kilbelonline.com/almacen/infusiones/yerba-mate/yerba-mate-4-flex-con-palo-union-500-gr/art_24112/
2026-09-28T07:48:48,Kilbel,29675,Yerba mate con palo Mateando 500 Gr,2900.0,2320.0,1 Kg,4640.0,1917.36,,https://www.kilbelonline.com/almacen/infusiones/yerba-mate/yerba-mate-con-palo-mateando-500-gr/art_29675/
2026-09-28T07:48:48,Kilbel,23926,Yerba mate con palo Piporé 500 Gr,2560.0,2048.0,1 Kg,4096.0,1692.56,,https://www.kilbelonline.com/almacen/infusiones/yerba-mate/yerba-mate-con-palo-pipore-500-gr/art_23926/
2026-09-28T07:48:48,Kilbel,21515,Yerba mate con palo selección especial Amanda 500 Gr,2680.0,2278.0,1 Kg,4556.0,1882.64,,https://www.kilbelonline.com/almacen/infusiones/yerba-mate/yerba-mate-con-palo-seleccion-especial-amanda-500-gr/art_21515/
2026-09-28T07:48:48,Kilbel,21689,Yerba mate sin palo Amanda 500 Gr,2740.0,2329.0,1 Kg,4658.0,1924.79,,https://www.kilbelonline.com/almacen/infusiones/yerba-mate/yerba-mate-sin-palo-amanda-500-gr/art_21689/
2026-09-28T07:48:48,Kilbel,24441,Yerba mate con palo San Javier 500 Gr,1880.0,1880.0,1 Kg,3760.0,1553.72,,https://www.kilbelonline.com/almacen/infusiones/yerba-mate/yerba-mate-con-palo-san-javier-500-gr/art_24441/
2026-09-28T07:48:48,Kilbel,24214,Yerba mate Playadito 1 Kg,5260.0,5260.0,1 Kg,5260.0,4347.11,,https://www.kilbelonline.com/almacen/infusiones/yerba-mate/yerba-mate-playadito-1-kg/art_24214/
2026-09-28T07:48:48,Kilbel,24213,Yerba mate con palo Playadito 500 Gr,2820.0,2820.0,1 Kg,5640.0,2330.58,,https://www.kilbelonline.com/almacen/infusiones/yerba-mate/yerba-mate-con-palo-playadito-500-gr/art_24213/
2026-09-28T07:48:48,Kilbel,28812,Yerba mate seleccion especial Don Basilio 500 Gr,2180.0,2180.0,1 Kg,4360.0,1801.65,,https://www.kilbelonline.com/almacen/infusiones/yerba-mate/yerba-mate-seleccion-especial-don-basilio-500-gr/art_28812/
2026-09-28T07:48:48,Kilbel,21031,Yerba mate con palo Rosamonte 1 Kg,4300.0,4300.0,1 Kg,4300.0,3553.72,,https://www.kilbelonline.com/almacen/infusiones/yerba-mate/yerba-mate-con-palo-rosamonte-1-kg/art_21031/
2026-09-28T07:48:48,Kilbel,21775,Yerba mate suave Aguantadora 1 Kg,4830.0,4830.0,1 Kg,4830.0,3991.74,,https://www.kilbelonline.com/almacen/infusiones/yerba-mate/yerba-mate-suave-aguantadora-1-kg/art_21775/
2026-09-28T07:48:48,Kilbel,20326,Yerba mate sabor suave Rosamonte 1 Kg,5100.0,5100.0,1 Kg,5100.0,4214.88,,https://www.kilbelonline.com/almacen/infusiones/yerba-mate/yerba-mate-sabor-suave-rosamonte-1-kg/art_20326/
2026-09-28T07:48:48,Kilbel,24110,Yerba mate 4 flex con palo Taragüi 500 Gr,2700.0,2700.0,1 Kg,5400.0,2231.4,,https://www.kilbelonline.com/almacen/infusiones/yerba-mate/yerba-mate-4-flex-con-palo-taraguei-500-gr/art_24110/
2026-09-28T07:48:48,Kilbel,24193,Yerba mate selección Nobleza Gaucha 1 Kg,4350.0,4350.0,1 Kg,4350.0,3595.04,,https://www.kilbelonline.com/almacen/infusiones/yerba-mate/yerba-mate-seleccion-nobleza-gaucha-1-kg/art_24193/
2026-09-28T07:48:48,Kilbel,22012,Yerba mate campo La Merced 500 Gr,5730.0,5730.0,1 Kg,11460.0,4735.54,,https://www.kilbelonline.com/almacen/infusiones/yerba-mate/yerba-mate-campo-la-merced-500-gr/art_22012/
2026-09-28T07:48:48,Kilbel,23941,Yerba mate selección Nobleza Gaucha 500 Gr,2290.0,2290.0,1 Kg,4580.0,1892.56,,https://www.kilbelonline.com/almacen/infusiones/yerba-mate/yerba-mate-seleccion-nobleza-gaucha-500-gr/art_23941/
2026-09-28T07:48:48,Kilbel,25382,Yerba mate campo-sur La Merced 500 Gr,5730.0,5730.0,1 Kg,11460.0,4735.54,,https://www.kilbelonline.com/almacen/infusiones/yerba-mate/yerba-mate-campo-sur-la-merced-500-gr/art_25382/
2026-09-28T07:48:48,Kilbel,20002,Yerba mate con hierbas serranas Piper Pol 500 Gr,1880.0,1880.0,1 Kg,3760.0,1553.72,,https://www.kilbelonline.com/almacen/infusiones/yerba-mate/yerba-mate-con-hierbas-serranas-piper-pol-500-gr/art_20002/
2026-09-28T07:48:48,Kilbel,19906,Yerba mate silueta Cbse 500 Gr,2198.0,2198.0,1 Kg,4396.0,1816.53,,https://www.kilbelonline.com/almacen/infusiones/yerba-mate/yerba-mate-silueta-cbse-500-gr/art_19906/
2026-09-28T07:48:48,Kilbel,20569,Yerba mate endulzada con stevia Cbse 500 Gr,2198.0,2198.0,1 Kg,4396.0,1816.53,,https://www.kilbelonline.com/almacen/infusiones/yerba-mate/yerba-mate-endulzada-con-stevia-cbse-500-gr/art_20569/
2026-09-28T07:48:48,Kilbel,20570,Yerba mate regulase Cbse 500 Gr,2198.0,2198.0,1 Kg,4396.0,1816.53,,https://www.kilbelonline.com/almacen/infusiones/yerba-mate/yerba-mate-regulase-cbse-500-gr/art_20570/
2026-09-28T07:48:48,Kilbel,23255,Yerba mate plus Rosamonte 500 Gr,2560.0,2560.0,1 Kg,5120.0,2115.7,,https://www.kilbelonline.com/almacen/infusiones/yerba-mate/yerba-mate-plus-rosamonte-500-gr/art_23255/
2026-09-28T07:48:48,Kilbel,27329,Yerba mate serena Canarias 500 Gr,7820.0,7820.0,1 Kg,15640.0,6462.81,,https://www.kilbelonline.com/almacen/infusiones/yerba-mate/yerba-mate-serena-canarias-500-gr/art_27329/
2026-09-28T07:48:48,Kilbel,20770,Yerba mate silueta con naranja Cbse 500 Gr,2198.0,2198.0,1 Kg,4396.0,1816.53,,https://www.kilbelonline.com/almacen/infusiones/yerba-mate/yerba-mate-silueta-con-naranja-cbse-500-gr/art_20770/
2026-09-28T07:48:48,Kilbel,20886,Yerba mate energía guaraná Cbse 500 Gr,2198.0,2198.0,1 Kg,4396.0,1816.53,,https://www.kilbelonline.com/almacen/infusiones/yerba-mate/yerba-mate-energia-guarana-cbse-500-gr/art_20886/
2026-09-28T07:48:48,Kilbel,19643,Yerba mate sabor suave Rosamonte 500 Gr,2660.0,2660.0,1 Kg,5320.0,2198.35,,https://www.kilbelonline.com/almacen/infusiones/yerba-mate/yerba-mate-sabor-suave-rosamonte-500-gr/art_19643/
2026-09-28T07:48:48,Kilbel,21033,Yerba mate con palo Rosamonte 500 Gr,2300.0,2300.0,1 Kg,4600.0,1900.83,,https://www.kilbelonline.com/almacen/infusiones/yerba-mate/yerba-mate-con-palo-rosamonte-500-gr/art_21033/
2026-09-28T07:48:48,Kilbel,21260,Yerba mate con palo Liebig 500 Gr,3430.0,3430.0,1 Kg,6860.0,2834.71,,https://www.kilbelonline.com/almacen/infusiones/yerba-mate/yerba-mate-con-palo-liebig-500-gr/art_21260/
2026-09-28T07:48:48,Kilbel,26583,Yerba mate orgánica Amanda 500 Gr,3580.0,3580.0,1 Kg,7160.0,2958.68,,https://www.kilbelonline.com/almacen/infusiones/yerba-mate/yerba-mate-organica-amanda-500-gr/art_26583/
2026-09-28T07:48:48,Kilbel,21324,Yerba mate con hierbas cuyanas Cbse 500 Gr,2198.0,2198.0,1 Kg,4396.0,1816.53,,https://www.kilbelonline.com/almacen/infusiones/yerba-mate/yerba-mate-con-hierbas-cuyanas-cbse-500-gr/art_21324/
2026-09-28T07:48:48,Kilbel,26169,Yerba mate tereré Playadito 500 Gr,2811.0,2811.0,1 Kg,5622.76,2323.45,,https://www.kilbelonline.com/almacen/infusiones/yerba-mate/yerba-mate-terere-playadito-500-gr/art_26169/
2026-09-28T07:48:48,Kilbel,25161,Yerba mate sabor limón Cbse 500 Gr,2198.0,2198.0,1 Kg,4396.0,1816.53,,https://www.kilbelonline.com/almacen/infusiones/yerba-mate/yerba-mate-sabor-limon-cbse-500-gr/art_25161/
2026-09-28T07:48:48,Kilbel,25080,Yerba mate con palo Romance 1 Kg,1282.0,1282.0,1 Kg,1282.0,1059.5,,https://www.kilbelonline.com/almacen/infusiones/yerba-mate/yerba-mate-con-palo-romance-1-kg/art_25080/
2026-09-28T07:48:48,Kilbel,24642,Yerba mate sabor jengibre Cbse 500 Gr,2198.0,2198.0,1 Kg,4396.0,1816.53,,https://www.kilbelonline.com/almacen/infusiones/yerba-mate/yerba-mate-sabor-jengibre-cbse-500-gr/art_24642/
2026-09-28T07:48:48,Kilbel,21991,Yerba mate sabor frutos del bosque Cbse 500 Gr,2198.0,2198.0,1 Kg,4396.0,1816.53,,https://www.kilbelonline.com/almacen/infusiones/yerba-mate/yerba-mate-sabor-frutos-del-bosque-cbse-500-gr/art_21991/
2026-09-28T07:48:48,Kilbel,23927,Yerba mate suave Piporé 1 Kg,5100.0,5100.0,1 Kg,5100.0,4214.88,,https://www.kilbelonline.com/almacen/infusiones/yerba-mate/yerba-mate-suave-pipore-1-kg/art_23927/
2026-09-28T07:48:48,Kilbel,22762,Yerba mate campo-monte La Merced 500 Gr,5730.0,5730.0,1 Kg,11460.0,4735.54,,https://www.kilbelonline.com/almacen/infusiones/yerba-mate/yerba-mate-campo-monte-la-merced-500-gr/art_22762/
2026-09-28T07:48:48,Kilbel,23427,Yerba mate con palo - lata Playadito 500 Gr,13413.0,13413.0,1 Kg,26827.56,11085.77,,https://www.kilbelonline.com/almacen/infusiones/yerba-mate/yerba-mate-con-palo-lata-playadito-500-gr/art_23427/
2026-09-28T07:48:48,Kilbel,21113,Azúcar - bolsa Kiki 1 Kg,1290.0,1290.0,,,1066.12,,https://www.kilbelonline.com/almacen/endulzantes/azucar/azucar-bolsa-kiki-1-kg/art_21113/
2026-09-28T07:48:48,Kilbel,25321,Azucar - paq. Chango 1 Kg,1790.0,1790.0,,,1479.34,,https://www.kilbelonline.com/almacen/endulzantes/azucar/azucar-paq-chango-1-kg/art_25321/
2026-09-28T07:48:48,Kilbel,21720,Azúcar premium Chango 1 Kg,1950.0,1950.0,,,1611.57,,https://www.kilbelonline.com/almacen/endulzantes/azucar/azucar-premium-chango-1-kg/art_21720/
2026-09-28T07:48:48,Kilbel,20427,Azúcar orgánica - bolsa Chango 1 Kg,5700.0,5700.0,,,4710.74,,https://www.kilbelonline.com/almacen/endulzantes/azucar/azucar-organica-bolsa-chango-1-kg/art_20427/
2026-09-28T07:48:48,Kilbel,21141,Azúcar - sobre Chango 500 Gr,5290.0,10580.0,,,4371.9,,https://www.kilbelonline.com/almacen/endulzantes/azucar/azucar-sobre-chango-500-gr/art_21141/
2026-09-28T07:48:48,Kilbel,24783,Azúcar orgánico rubio tipo mascabo Brotes 600 Gr,6390.0,10650.0,,,5280.99,,https://www.kilbelonline.com/almacen/endulzantes/azucar/azucar-organico-rubio-tipo-mascabo-brotes-600-gr/art_24783/
2026-09-28T07:48:48,Kilbel,27207,Azúcar - paquete Fronterita 1 Kg,1198.0,1198.0,,,990.08,,https://www.kilbelonline.com/almacen/endulzantes/azucar/azucar-paquete-fronterita-1-kg/art_27207/
2026-09-28T07:48:48,Kilbel,21187,Aceite oliva virgen extra original Zuelo 500 Ml,17600.0,31680.0,,,13090.91,,https://www.kilbelonline.com/almacen/aceites-vinagres-y-aderezos/aceites-y-grasas/aceite-oliva-virgen-extra-original-zuelo-500-ml/art_21187/
2026-09-28T07:48:48,Kilbel,21188,Aceite oliva virgen extra intenso Zuelo 500 Ml,17600.0,31680.0,,,13090.91,,https://www.kilbelonline.com/almacen/aceites-vinagres-y-aderezos/aceites-y-grasas/aceite-oliva-virgen-extra-intenso-zuelo-500-ml/art_21188/
2026-09-28T07:48:48,Kilbel,21240,Aceite oliva virgen extra intenso Seis Marias 500 Ml,16000.0,30400.0,,,12561.98,,https://www.kilbelonline.com/almacen/aceites-vinagres-y-aderezos/aceites-y-grasas/aceite-oliva-virgen-extra-intenso-seis-marias-500-ml/art_21240/
2026-09-28T07:48:48,Kilbel,20661,Aceite oliva virgen extra medio Seis Marias 500 Ml,15600.0,29640.0,,,12247.93,,https://www.kilbelonline.com/almacen/aceites-vinagres-y-aderezos/aceites-y-grasas/aceite-oliva-virgen-extra-medio-seis-marias-500-ml/art_20661/
2026-09-28T07:48:48,Kilbel,23687,Aceite oliva virgen extra arauco Zuccardi 500 Ml,31500.0,59850.0,,,24731.4,,https://www.kilbelonline.com/almacen/aceites-vinagres-y-aderezos/aceites-y-grasas/aceite-oliva-virgen-extra-arauco-zuccardi-500-ml/art_23687/
2026-09-28T07:48:48,Kilbel,27431,Aceite oliva virgen extra organico Zuelo 500 Ml,17600.0,31680.0,,,13090.91,,https://www.kilbelonline.com/almacen/aceites-vinagres-y-aderezos/aceites-y-grasas/aceite-oliva-virgen-extra-organico-zuelo-500-ml/art_27431/
2026-09-28T07:48:48,Kilbel,27359,Aceite oliva suave Zuelo 500 Ml,17600.0,31680.0,,,13090.91,,https://www.kilbelonline.com/almacen/aceites-vinagres-y-aderezos/aceites-y-grasas/aceite-oliva-suave-zuelo-500-ml/art_27359/
2026-09-28T07:48:48,Kilbel,29202,Aceite oliva virgen Zuelo 250 Ml,10100.0,3636.0,,,7512.4,,https://www.kilbelonline.com/almacen/aceites-vinagres-y-aderezos/aceites-y-grasas/aceite-oliva-virgen-zuelo-250-ml/art_29202/
2026-09-28T07:48:48,Kilbel,29559,Aceite de sesamo puro - bot. Kadoya 163 Ml,21100.0,11650.31,,,15694.21,,https://www.kilbelonline.com/almacen/aceites-vinagres-y-aderezos/aceites-y-grasas/aceite-de-sesamo-puro-bot-kadoya-163-ml/art_29559/
2026-09-28T07:48:48,Kilbel,22143,Aceite uva - botella Olivi 500 Ml,9400.0,16920.0,,,6991.74,,https://www.kilbelonline.com/almacen/aceites-vinagres-y-aderezos/aceites-y-grasas/aceite-uva-botella-olivi-500-ml/art_22143/
2026-09-28T07:48:48,Kilbel,28860,Aceite de oliva - botella Olei & Co. 500 Ml,15200.0,30400.0,,,12561.98,,https://www.kilbelonline.com/almacen/aceites-vinagres-y-aderezos/aceites-y-grasas/aceite-de-oliva-botella-olei-co-500-ml/art_28860/
2026-09-28T07:48:48,Kilbel,20714,Aceite girasol Natura 900 Ml,5100.0,5666.67,,,4214.88,,https://www.kilbelonline.com/almacen/aceites-vinagres-y-aderezos/aceites-y-grasas/aceite-girasol-natura-900-ml/art_20714/
2026-09-28T07:48:48,Kilbel,20616,Aceite girasol Cocinero 1.5 Lt,7390.0,4926.67,,,6107.44,,https://www.kilbelonline.com/almacen/aceites-vinagres-y-aderezos/aceites-y-grasas/aceite-girasol-cocinero-1-5-lt/art_20616/
2026-09-28T07:48:48,Kilbel,22101,Aceite blend girasol y oliva - botella Natura 900 Ml,7120.0,7911.11,,,5884.3,,https://www.kilbelonline.com/almacen/aceites-vinagres-y-aderezos/aceites-y-grasas/aceite-blend-girasol-y-oliva-botella-natura-900-ml/art_22101/
2026-09-28T07:48:48,Kilbel,20576,Aceite girasol Cocinero 900 Ml,4660.0,5177.78,,,3851.24,,https://www.kilbelonline.com/almacen/aceites-vinagres-y-aderezos/aceites-y-grasas/aceite-girasol-cocinero-900-ml/art_20576/
2026-09-28T07:48:48,Kilbel,24903,Aceite girasol Natura 3 Lt,15790.0,5263.33,,,13049.59,,https://www.kilbelonline.com/almacen/aceites-vinagres-y-aderezos/aceites-y-grasas/aceite-girasol-natura-3-lt/art_24903/
2026-09-28T07:48:48,Kilbel,19888,Aceite girasol Cañuelas 900 Ml,4790.0,5322.22,,,3958.68,,https://www.kilbelonline.com/almacen/aceites-vinagres-y-aderezos/aceites-y-grasas/aceite-girasol-canuelas-900-ml/art_19888/
2026-09-28T07:48:48,Kilbel,24901,Aceite girasol Alsamar 1.5 Lt,5990.0,3993.33,,,4950.41,,https://www.kilbelonline.com/almacen/aceites-vinagres-y-aderezos/aceites-y-grasas/aceite-girasol-alsamar-1-5-lt/art_24901/
2026-09-28T07:48:48,Kilbel,20133,Aceite oliva extra virgen - lata Yancanelo 1 Lt,28790.0,28790.0,,,23793.39,,https://www.kilbelonline.com/almacen/aceites-vinagres-y-aderezos/aceites-y-grasas/aceite-oliva-extra-virgen-lata-yancanelo-1-lt/art_20133/
2026-09-28T07:48:48,Kilbel,23688,Aceite oliva virgen extra picual Zuccardi 500 Ml,20500.0,41000.0,,,16942.15,,https://www.kilbelonline.com/almacen/aceites-vinagres-y-aderezos/aceites-y-grasas/aceite-oliva-virgen-extra-picual-zuccardi-500-ml/art_23688/
2026-09-28T07:48:48,Kilbel,23911,Aceite oliva virgen extra genovesa Zuccardi 500 Ml,20500.0,41000.0,,,16942.15,,https://www.kilbelonline.com/almacen/aceites-vinagres-y-aderezos/aceites-y-grasas/aceite-oliva-virgen-extra-genovesa-zuccardi-500-ml/art_23911/
2026-09-28T07:48:48,Kilbel,24643,Aceite maíz Lira 900 Ml,6160.0,6844.44,,,5090.91,,https://www.kilbelonline.com/almacen/aceites-vinagres-y-aderezos/aceites-y-grasas/aceite-maiz-lira-900-ml/art_24643/
2026-09-28T07:48:48,Kilbel,24900,Aceite girasol Alsamar 3 Lt,12796.0,4265.56,,,10575.77,,https://www.kilbelonline.com/almacen/aceites-vinagres-y-aderezos/aceites-y-grasas/aceite-girasol-alsamar-3-lt/art_24900/
2026-09-28T07:48:48,Kilbel,21183,Aceite girasol y oliva Copisi 900 Ml,6250.0,6944.44,,,5165.29,,https://www.kilbelonline.com/almacen/aceites-vinagres-y-aderezos/aceites-y-grasas/aceite-girasol-y-oliva-copisi-900-ml/art_21183/
2026-09-28T07:48:48,Kilbel,24905,Aceite maíz Arcor 890 Ml,6490.0,7292.13,,,5363.64,,https://www.kilbelonline.com/almacen/aceites-vinagres-y-aderezos/aceites-y-grasas/aceite-maiz-arcor-890-ml/art_24905/
2026-09-28T07:48:48,Kilbel,20282,Aceite oliva extra virgen - lata Yancanelo 500 Ml,16390.0,32780.0,,,13545.45,,https://www.kilbelonline.com/almacen/aceites-vinagres-y-aderezos/aceites-y-grasas/aceite-oliva-extra-virgen-lata-yancanelo-500-ml/art_20282/
2026-09-28T07:48:48,Kilbel,25613,Aceite oliva Seis Marias 500 Ml,10800.0,21600.0,,,8925.62,,https://www.kilbelonline.com/almacen/aceites-vinagres-y-aderezos/aceites-y-grasas/aceite-oliva-seis-marias-500-ml/art_25613/
2026-09-28T07:48:48,Kilbel,27178,Aceite girasol Legítimo 900 Ml,4150.0,4611.11,,,3429.75,,https://www.kilbelonline.com/almacen/aceites-vinagres-y-aderezos/aceites-y-grasas/aceite-girasol-legitimo-900-ml/art_27178/
2026-09-28T07:48:48,Kilbel,27177,Aceite girasol Legítimo 1.5 Lt,6740.0,4493.33,,,5570.25,,https://www.kilbelonline.com/almacen/aceites-vinagres-y-aderezos/aceites-y-grasas/aceite-girasol-legitimo-1-5-lt/art_27177/
2026-09-28T07:48:48,Kilbel,21012,Aceite oliva virgen extra - botella Cocinero 500 Ml,11995.0,23990.0,,,9913.22,,https://www.kilbelonline.com/almacen/aceites-vinagres-y-aderezos/aceites-y-grasas/aceite-oliva-virgen-extra-botella-cocinero-500-ml/art_21012/
2026-09-28T07:48:48,Kilbel,24906,Rocío vegetal - aerosol Fritolim 120 Gr,4139.0,3449.17,,,3420.66,,https://www.kilbelonline.com/almacen/aceites-vinagres-y-aderezos/aceites-y-grasas/rocio-vegetal-aerosol-fritolim-120-gr/art_24906/
2026-09-28T07:48:48,Kilbel,27174,Aceite girasol Cañuelas 1.5 Lt,7490.0,4993.33,,,6190.08,,https://www.kilbelonline.com/almacen/aceites-vinagres-y-aderezos/aceites-y-grasas/aceite-girasol-canuelas-1-5-lt/art_27174/
2026-09-28T07:48:48,Kilbel,20031,Rocío vegetal - aerosol Natura 120 Gr,4950.0,4125.0,,,4090.91,,https://www.kilbelonline.com/almacen/aceites-vinagres-y-aderezos/aceites-y-grasas/rocio-vegetal-aerosol-natura-120-gr/art_20031/
2026-09-28T07:48:48,Kilbel,28826,Aceite girasol Legítimo 3 Lt,13790.0,4596.67,,,11396.69,,https://www.kilbelonline.com/almacen/aceites-vinagres-y-aderezos/aceites-y-grasas/aceite-girasol-legitimo-3-lt/art_28826/
2026-09-28T07:48:48,Kilbel,28091,Aceite oliva virgen Cocinero 500 Ml,10150.0,20300.0,,,8388.43,,https://www.kilbelonline.com/almacen/aceites-vinagres-y-aderezos/aceites-y-grasas/aceite-oliva-virgen-cocinero-500-ml/art_28091/
2026-09-28T07:48:48,Kilbel,26398,Aceite oliva virgen extra medio - pet Seis Marias 1 Lt,24900.0,24900.0,,,20578.51,,https://www.kilbelonline.com/almacen/aceites-vinagres-y-aderezos/aceites-y-grasas/aceite-oliva-virgen-extra-medio-pet-seis-marias-1-lt/art_26398/
2026-09-28T07:48:48,Kilbel,24907,Grasa bovina Ursella 1 Kg,6990.0,6990.0,,,5776.86,,https://www.kilbelonline.com/almacen/aceites-vinagres-y-aderezos/aceites-y-grasas/grasa-bovina-ursella-1-kg/art_24907/
2026-09-28T07:48:48,Kilbel,27184,Aceite de maíz Mazola 900 Ml,5565.0,6183.33,,,4599.17,,https://www.kilbelonline.com/almacen/aceites-vinagres-y-aderezos/aceites-y-grasas/aceite-de-maiz-mazola-900-ml/art_27184/
2026-09-28T07:48:48,Kilbel,25434,Rocio vegetal maíz - aerosol Mazola 126 Cm3,5745.0,4559.52,,,4747.93,,https://www.kilbelonline.com/almacen/aceites-vinagres-y-aderezos/aceites-y-grasas/rocio-vegetal-maiz-aerosol-mazola-126-cm3/art_25434/
2026-09-28T07:48:48,Kilbel,25014,Rocio vegetal oliva - aerosol Fritolim 120 Gr,5140.0,4283.33,,,4247.93,,https://www.kilbelonline.com/almacen/aceites-vinagres-y-aderezos/aceites-y-grasas/rocio-vegetal-oliva-aerosol-fritolim-120-gr/art_25014/
2026-09-28T07:48:48,Kilbel,26921,Aceite oliva virgen extra medio - botella Seis Marias 250 Ml,9340.0,3736.0,,,7719.01,,https://www.kilbelonline.com/almacen/aceites-vinagres-y-aderezos/aceites-y-grasas/aceite-oliva-virgen-extra-medio-botella-seis-marias-250-ml/art_26921/
2026-09-28T07:48:48,Kilbel,27446,Aceite oliva coratina Zuccardi 500 Ml,20500.0,41000.0,,,16942.15,,https://www.kilbelonline.com/almacen/aceites-vinagres-y-aderezos/aceites-y-grasas/aceite-oliva-coratina-zuccardi-500-ml/art_27446/
2026-09-28T07:48:48,Kilbel,19823,Grasa porcina Ursella 500 Gr,3040.0,6080.0,,,2512.4,,https://www.kilbelonline.com/almacen/aceites-vinagres-y-aderezos/aceites-y-grasas/grasa-porcina-ursella-500-gr/art_19823/
2026-09-28T07:48:48,Kilbel,28859,Aceite de oliva jarra Olei & Co. 500 Ml,24000.0,48000.0,,,19834.71,,https://www.kilbelonline.com/almacen/aceites-vinagres-y-aderezos/aceites-y-grasas/aceite-de-oliva-jarra-olei-co-500-ml/art_28859/
2026-09-28T07:48:48,Kilbel,28387,Aceite girasol Legítimo 5 Lt,22770.0,4554.0,,,18818.18,,https://www.kilbelonline.com/almacen/aceites-vinagres-y-aderezos/aceites-y-grasas/aceite-girasol-legitimo-5-lt/art_28387/
2026-09-28T07:48:48,Kilbel,28385,Aceite mezcla Golden Chef 900 Ml,2990.0,3322.22,,,2471.07,,https://www.kilbelonline.com/almacen/aceites-vinagres-y-aderezos/aceites-y-grasas/aceite-mezcla-golden-chef-900-ml/art_28385/
2026-09-28T07:48:48,Kilbel,27427,Aceite girasol Cañuelas 5 Lt,25660.0,5132.0,,,21206.61,,https://www.kilbelonline.com/almacen/aceites-vinagres-y-aderezos/aceites-y-grasas/aceite-girasol-canuelas-5-lt/art_27427/
2026-09-28T07:48:48,Kilbel,27209,Aceite mezcla Siglo De Oro 900 Ml,2990.0,3322.22,,,2471.07,,https://www.kilbelonline.com/almacen/aceites-vinagres-y-aderezos/aceites-y-grasas/aceite-mezcla-siglo-de-oro-900-ml/art_27209/
2026-09-28T07:48:48,Kilbel,26833,Aceite oliva virgen extra medio - bidón Seis Marias 2 Lt,47500.0,23750.0,,,39256.2,,https://www.kilbelonline.com/almacen/aceites-vinagres-y-aderezos/aceites-y-grasas/aceite-oliva-virgen-extra-medio-bidon-seis-marias-2-lt/art_26833/
2026-09-28T07:48:48,Kilbel,22214,Rocio vegetal oliva - aerosol Natura 120 Gr,6605.0,5504.17,,,5458.68,,https://www.kilbelonline.com/almacen/aceites-vinagres-y-aderezos/aceites-y-grasas/rocio-vegetal-oliva-aerosol-natura-120-gr/art_22214/
2026-09-28T07:48:48,Kilbel,23638,Leche larga vida descremada zero lactosa - botella La Serenisima 1 Lt,2980.0,2533.0,,,2533.0,,https://www.kilbelonline.com/lacteos/leches/leche-larga-vida-descremada-zero-lactosa-botella-la-serenisima-1-lt/art_23638/
2026-09-28T07:48:48,Kilbel,23034,Leche larga vida reducida en lactosa - tetra Ilolay 1 Lt,2580.0,2193.0,,,2193.0,,https://www.kilbelonline.com/lacteos/leches/leche-larga-vida-reducida-en-lactosa-tetra-ilolay-1-lt/art_23034/
2026-09-28T07:48:48,Kilbel,19869,Leche larga vida descremada - tetra Ilolay 1 Lt,2100.0,1890.0,,,1890.0,,https://www.kilbelonline.com/lacteos/leches/leche-larga-vida-descremada-tetra-ilolay-1-lt/art_19869/
2026-09-28T07:48:48,Kilbel,19536,Leche larga vida entera - tetra Ilolay 1 Lt,2100.0,1890.0,,,1890.0,,https://www.kilbelonline.com/lacteos/leches/leche-larga-vida-entera-tetra-ilolay-1-lt/art_19536/
2026-09-28T07:48:48,Kilbel,21834,Leche larga vida descremada - tetra Tregar 1 Lt,1980.0,1881.0,,,1881.0,,https://www.kilbelonline.com/lacteos/leches/leche-larga-vida-descremada-tetra-tregar-1-lt/art_21834/
2026-09-28T07:48:48,Kilbel,21835,Leche larga vida entera - tetra Tregar 1 Lt,1980.0,1881.0,,,1881.0,,https://www.kilbelonline.com/lacteos/leches/leche-larga-vida-entera-tetra-tregar-1-lt/art_21835/
2026-09-28T07:48:48,Kilbel,23715,Leche larga vida 0% - tetra Tregar 1 Lt,1980.0,1881.0,,,1881.0,,https://www.kilbelonline.com/lacteos/leches/leche-larga-vida-0-tetra-tregar-1-lt/art_23715/
2026-09-28T07:48:48,Kilbel,26243,Leche larga vida protein La Serenisima 1 Lt,2980.0,2533.0,,,2533.0,,https://www.kilbelonline.com/lacteos/leches/leche-larga-vida-protein-la-serenisima-1-lt/art_26243/
2026-09-28T07:48:48,Kilbel,29660,Leche larga vida proteina - tetra Ilolay 1 Lt,2580.0,2193.0,,,2193.0,,https://www.kilbelonline.com/lacteos/leches/leche-larga-vida-proteina-tetra-ilolay-1-lt/art_29660/
2026-09-28T07:48:48,Kilbel,29203,Leche larga vida 0% lactosa - tetra Las Tres Niñas 1 Lt,2480.0,2232.0,,,2232.0,,https://www.kilbelonline.com/lacteos/leches/leche-larga-vida-0-lactosa-tetra-las-tres-ninas-1-lt/art_29203/
2026-09-28T07:48:48,Kilbel,27179,Leche entera - sachet Ramolac 1 Lt,1760.0,1584.0,,,1584.0,,https://www.kilbelonline.com/lacteos/leches/leche-entera-sachet-ramolac-1-lt/art_27179/
2026-09-28T07:48:48,Kilbel,26877,Leche larga vida barista - botella La Serenisima 1 Lt,2980.0,2682.0,,,2682.0,,https://www.kilbelonline.com/lacteos/leches/leche-larga-vida-barista-botella-la-serenisima-1-lt/art_26877/
2026-09-28T07:48:48,Kilbel,27180,Leche descremada - sachet Ramolac 1 Lt,1760.0,1584.0,,,1584.0,,https://www.kilbelonline.com/lacteos/leches/leche-descremada-sachet-ramolac-1-lt/art_27180/
2026-09-28T07:48:48,Kilbel,23689,Leche polvo instantánea descremada 30x5gr sobres Purisima 150 Gr,5680.0,3408.0,,,4224.79,,https://www.kilbelonline.com/lacteos/leches/leche-polvo-instantanea-descremada-30x5gr-sobres-purisima-150-gr/art_23689/
2026-09-28T07:48:48,Kilbel,26156,Leche larga vida con prebióticos La Serenisima 1 Lt,2980.0,2682.0,,,2682.0,,https://www.kilbelonline.com/lacteos/leches/leche-larga-vida-con-prebioticos-la-serenisima-1-lt/art_26156/
2026-09-28T07:48:48,Kilbel,26089,Leche chocolatada Nesquik 200 Ml,1540.0,693.0,,,1145.45,,https://www.kilbelonline.com/lacteos/leches/leche-chocolatada-nesquik-200-ml/art_26089/
2026-09-28T07:48:48,Kilbel,29204,Leche larga vida con proteina - tetra Las Tres Niñas 1 Lt,2480.0,2232.0,,,2232.0,,https://www.kilbelonline.com/lacteos/leches/leche-larga-vida-con-proteina-tetra-las-tres-ninas-1-lt/art_29204/
2026-09-28T07:48:48,Kilbel,26785,Leche polvo instantánea extra calcio - bolsa Svelty 750 Gr,15300.0,18360.0,,,11380.17,,https://www.kilbelonline.com/lacteos/leches/leche-polvo-instantanea-extra-calcio-bolsa-svelty-750-gr/art_26785/
2026-09-28T07:48:48,Kilbel,25402,Leche modificada polvo infantíl - caja Purisima 800 Gr,11700.0,13162.5,,,8702.48,,https://www.kilbelonline.com/lacteos/leches/leche-modificada-polvo-infantil-caja-purisima-800-gr/art_25402/
2026-09-28T07:48:48,Kilbel,24624,Leche polvo organica - lata Svelty 370 Gr,9000.0,21891.89,,,6694.21,,https://www.kilbelonline.com/lacteos/leches/leche-polvo-organica-lata-svelty-370-gr/art_24624/
2026-09-28T07:48:48,Kilbel,23513,Leche polvo instantánea 0% - pouch Purisima 800 Gr,13140.0,14782.5,,,9773.55,,https://www.kilbelonline.com/lacteos/leches/leche-polvo-instantanea-0-pouch-purisima-800-gr/art_23513/
2026-09-28T07:48:48,Kilbel,23510,Leche polvo instantánea entera - caja Purisima 800 Gr,13050.0,14681.25,,,9706.61,,https://www.kilbelonline.com/lacteos/leches/leche-polvo-instantanea-entera-caja-purisima-800-gr/art_23510/
2026-09-28T07:48:48,Kilbel,21552,Leche polvo forti grow Nido 750 Gr,15000.0,19000.0,,,11776.86,,https://www.kilbelonline.com/lacteos/leches/leche-polvo-forti-grow-nido-750-gr/art_21552/
2026-09-28T07:48:48,Kilbel,23511,Leche polvo 0% lactosa - caja Purisima 400 Gr,7220.0,17147.5,,,5668.6,,https://www.kilbelonline.com/lacteos/leches/leche-polvo-0-lactosa-caja-purisima-400-gr/art_23511/
2026-09-28T07:48:48,Kilbel,22709,Leche larga vida clásica 3% - tetra La Serenisima 1 Lt,2198.0,2198.0,,,2198.0,,https://www.kilbelonline.com/lacteos/leches/leche-larga-vida-clasica-3-tetra-la-serenisima-1-lt/art_22709/
2026-09-28T07:48:48,Kilbel,22754,Leche larga vida 0% lactosa - tetra Tregar 1 Lt,2570.0,2570.0,,,2570.0,,https://www.kilbelonline.com/lacteos/leches/leche-larga-vida-0-lactosa-tetra-tregar-1-lt/art_22754/
2026-09-28T07:48:48,Kilbel,19866,Leche chocolatada Ilolay Kids 1 Lt,3520.0,3520.0,,,2909.09,,https://www.kilbelonline.com/lacteos/leches/leche-chocolatada-ilolay-kids-1-lt/art_19866/
2026-09-28T07:48:48,Kilbel,23447,Leche chocolatada Tregar 1 Lt,3830.0,3830.0,,,3165.29,,https://www.kilbelonline.com/lacteos/leches/leche-chocolatada-tregar-1-lt/art_23447/
2026-09-28T07:48:48,Kilbel,22710,Leche larga vida liviana 1% - tetra La Serenisima 1 Lt,2198.0,2198.0,,,2198.0,,https://www.kilbelonline.com/lacteos/leches/leche-larga-vida-liviana-1-tetra-la-serenisima-1-lt/art_22710/
2026-09-28T07:48:48,Kilbel,22645,Leche chocolatada Tregar 200 Ml,1495.0,747.5,,,1235.54,,https://www.kilbelonline.com/lacteos/leches/leche-chocolatada-tregar-200-ml/art_22645/
2026-09-28T07:48:48,Kilbel,22527,Leche chocolatada Ilolay Kids 200 Ml,1550.0,775.0,,,1280.99,,https://www.kilbelonline.com/lacteos/leches/leche-chocolatada-ilolay-kids-200-ml/art_22527/
2026-09-28T07:48:48,Kilbel,27635,Leche larga vida descremada - tetra pack Apostoles 1 Lt,1790.0,1790.0,,,1790.0,,https://www.kilbelonline.com/lacteos/leches/leche-larga-vida-descremada-tetra-pack-apostoles-1-lt/art_27635/
2026-09-28T07:48:48,Kilbel,27634,Leche larga vida liviana 2% - tetra Apostoles 1 Lt,1790.0,1790.0,,,1790.0,,https://www.kilbelonline.com/lacteos/leches/leche-larga-vida-liviana-2-tetra-apostoles-1-lt/art_27634/
2026-09-28T07:48:48,Kilbel,22708,Leche clásica 3% - sachet La Serenisima 1 Lt,2070.0,2070.0,,,2070.0,,https://www.kilbelonline.com/lacteos/leches/leche-clasica-3-sachet-la-serenisima-1-lt/art_22708/
2026-09-28T07:48:48,Kilbel,27466,Leche polvo instantánea 0% - pouch Purisima 400 Gr,5990.0,14975.0,,,4950.41,,https://www.kilbelonline.com/lacteos/leches/leche-polvo-instantanea-0-pouch-purisima-400-gr/art_27466/
2026-09-28T07:48:48,Kilbel,26966,Leche liviana 1% - sachet La Serenisima 1 Lt,2070.0,2070.0,,,2070.0,,https://www.kilbelonline.com/lacteos/leches/leche-liviana-1-sachet-la-serenisima-1-lt/art_26966/
2026-09-28T07:48:48,Kilbel,29610,Leche latte proteina Ilolay 200 Cm3,1850.0,925.0,,,1528.93,,https://www.kilbelonline.com/lacteos/leches/leche-latte-proteina-ilolay-200-cm3/art_29610/
2026-09-28T07:48:48,Kilbel,19868,Leche polvo instantánea descremada - caja Ilolay 800 Gr,15340.0,19175.0,,,12677.69,,https://www.kilbelonline.com/lacteos/leches/leche-polvo-instantanea-descremada-caja-ilolay-800-gr/art_19868/
2026-09-28T07:48:48,Kilbel,23694,Leche polvo instantánea entera - pouch Purisima 400 Gr,5990.0,14975.0,,,4950.41,,https://www.kilbelonline.com/lacteos/leches/leche-polvo-instantanea-entera-pouch-purisima-400-gr/art_23694/
2026-09-28T07:48:48,Kilbel,28031,Formula lactea polvo 1 - lata Nidina 800 Gr,23750.0,29687.5,,,19628.1,,https://www.kilbelonline.com/lacteos/leches/formula-lactea-polvo-1-lata-nidina-800-gr/art_28031/
2026-09-28T07:48:48,Kilbel,20532,Leche modificada polvo instantánea entera - bolsa La Lechera 800 Gr,12600.0,15750.0,,,10413.22,,https://www.kilbelonline.com/lacteos/leches/leche-modificada-polvo-instantanea-entera-bolsa-la-lechera-800-gr/art_20532/
2026-09-28T07:48:48,Kilbel,23864,Leche polvo entera zero lactosa - caja La Serenisima 400 Gr,9970.0,24925.0,,,8239.67,,https://www.kilbelonline.com/lacteos/leches/leche-polvo-entera-zero-lactosa-caja-la-serenisima-400-gr/art_23864/
2026-09-28T07:48:48,Kilbel,28153,Leche polvo 0% grasa zero lactosa La Serenisima 400 Gr,9970.0,24925.0,,,8239.67,,https://www.kilbelonline.com/lacteos/leches/leche-polvo-0-grasa-zero-lactosa-la-serenisima-400-gr/art_28153/
2026-09-28T07:48:48,Kilbel,27469,Leche polvo instantánea move extra calcio - bolsa Svelty 370 Gr,7490.0,20243.24,,,6190.08,,https://www.kilbelonline.com/lacteos/leches/leche-polvo-instantanea-move-extra-calcio-bolsa-svelty-370-gr/art_27469/
2026-09-28T07:48:48,Kilbel,28333,Leche polvo instantánea entera - pouch Lheritier 200 Gr,4330.0,2165.0,,,3578.51,,https://www.kilbelonline.com/lacteos/leches/leche-polvo-instantanea-entera-pouch-lheritier-200-gr/art_28333/
2026-09-28T07:48:48,Kilbel,21824,Leche polvo instantánea descremada - caja Ilolay 400 Gr,8330.0,20825.0,,,6884.3,,https://www.kilbelonline.com/lacteos/leches/leche-polvo-instantanea-descremada-caja-ilolay-400-gr/art_21824/
2026-09-28T07:48:48,Kilbel,29611,Leche chocolatada proteinas - tetra Ilolay 200 Cm3,1850.0,925.0,,,1528.93,,https://www.kilbelonline.com/lacteos/leches/leche-chocolatada-proteinas-tetra-ilolay-200-cm3/art_29611/
2026-09-28T07:48:48,Kilbel,24625,Leche polvo 0% lactosa Nido 350 Gr,9235.0,26385.71,,,7632.23,,https://www.kilbelonline.com/lacteos/leches/leche-polvo-0-lactosa-nido-350-gr/art_24625/
2026-09-28T07:48:48,Kilbel,29603,Leche chocolatada - tetra Cindor 1 Lt,5500.0,5500.0,,,4545.45,,https://www.kilbelonline.com/lacteos/leches/leche-chocolatada-tetra-cindor-1-lt/art_29603/
2026-09-28T07:48:48,Kilbel,29602,Leche chocolatada - tetra Cindor 200 Cm3,2200.0,1100.0,,,1818.18,,https://www.kilbelonline.com/lacteos/leches/leche-chocolatada-tetra-cindor-200-cm3/art_29602/
2026-09-28T07:48:48,Kilbel,29481,Leche zero lactosa - sachet La Serenisima 1 Lt,2350.0,2350.0,,,2350.0,,https://www.kilbelonline.com/lacteos/leches/leche-zero-lactosa-sachet-la-serenisima-1-lt/art_29481/
2026-09-28T07:48:48,Kilbel,29480,Leche protein - sachet La Serenisima 1 Lt,2350.0,2350.0,,,2350.0,,https://www.kilbelonline.com/lacteos/leches/leche-protein-sachet-la-serenisima-1-lt/art_29480/
2026-09-28T07:48:48,Kilbel,29393,Leche condensada limon Nestlé 395 Gr,4550.0,11518.99,,,3760.33,,https://www.kilbelonline.com/lacteos/leches/leche-condensada-limon-nestle-395-gr/art_29393/
2026-09-28T07:48:48,Kilbel,29207,Leche chocolatada classic Nestlé 190 Ml,1850.0,973.68,,,1528.93,,https://www.kilbelonline.com/lacteos/leches/leche-chocolatada-classic-nestle-190-ml/art_29207/
2026-09-28T07:48:48,Kilbel,19905,Leche polvo instantánea descremada 30x5gr sobres Ilolay 150 Gr,7820.0,5213.33,,,6462.81,,https://www.kilbelonline.com/lacteos/leches/leche-polvo-instantanea-descremada-30x5gr-sobres-ilolay-150-gr/art_19905/
2026-09-28T07:48:48,Kilbel,20245,Leche condensada Nestlé 395 Gr,4550.0,11518.99,,,3760.33,,https://www.kilbelonline.com/lacteos/leches/leche-condensada-nestle-395-gr/art_20245/
2026-09-28T07:48:48,Kilbel,28406,Leche larga vida con hierro - botella La Serenisima 1 Lt,2980.0,2980.0,,,2980.0,,https://www.kilbelonline.com/lacteos/leches/leche-larga-vida-con-hierro-botella-la-serenisima-1-lt/art_28406/
2026-09-28T07:48:48,Kilbel,28334,Leche polvo instánea desremada - pouch Lheritier 200 Gr,4415.0,2207.5,,,3648.76,,https://www.kilbelonline.com/lacteos/leches/leche-polvo-instanea-desremada-pouch-lheritier-200-gr/art_28334/
2026-09-28T07:48:48,Kilbel,26211,Leche chocolatada menos azúcar Nesquik 200 Ml,1390.0,695.0,,,1148.76,,https://www.kilbelonline.com/lacteos/leches/leche-chocolatada-menos-azucar-nesquik-200-ml/art_26211/
2026-09-28T07:48:48,Kilbel,21338,Leche polvo prebio 3 - lata Nido 800 Gr,18260.0,22825.0,,,15090.91,,https://www.kilbelonline.com/lacteos/leches/leche-polvo-prebio-3-lata-nido-800-gr/art_21338/
2026-09-28T07:48:48,Kilbel,28033,Formula lactea larga vida bebe 2 - tetra Nan 190 Ml,1920.0,1010.53,,,1586.78,,https://www.kilbelonline.com/lacteos/leches/formula-lactea-larga-vida-bebe-2-tetra-nan-190-ml/art_28033/
2026-09-28T07:48:48,Kilbel,28032,Formula lactea larga vida bebe 1 - tetra Nan 190 Ml,1640.0,863.16,,,1355.37,,https://www.kilbelonline.com/lacteos/leches/formula-lactea-larga-vida-bebe-1-tetra-nan-190-ml/art_28032/
2026-09-28T07:48:48,Kilbel,25428,Leche descremada 2 % ultra p.- sachet Armonia 1 Lt,1798.0,1798.0,,,1798.0,,https://www.kilbelonline.com/lacteos/leches/leche-descremada-2-ultra-p-sachet-armonia-1-lt/art_25428/
2026-09-28T07:48:48,Kilbel,27685,Leche polvo forti grow Nido 370 Gr,7800.0,21081.08,,,6446.28,,https://www.kilbelonline.com/lacteos/leches/leche-polvo-forti-grow-nido-370-gr/art_27685/
2026-09-28T07:48:48,Kilbel,25436,Leche descremada 1 % ultra p. -sachet Armonia 1 Lt,1798.0,1798.0,,,1798.0,,https://www.kilbelonline.com/lacteos/leches/leche-descremada-1-ultra-p-sachet-armonia-1-lt/art_25436/
2026-09-28T07:48:48,Kilbel,25447,Leche reducida lactosa sachet La Serenisima 1 Lt,1970.0,1970.0,,,1970.0,,https://www.kilbelonline.com/lacteos/leches/leche-reducida-lactosa-sachet-la-serenisima-1-lt/art_25447/
2026-09-28T07:48:48,Kilbel,21204,Leche condensada light Nestlé 395 Gr,4550.0,11518.99,,,3760.33,,https://www.kilbelonline.com/lacteos/leches/leche-condensada-light-nestle-395-gr/art_21204/
2026-09-28T07:48:48,Kilbel,22701,Leche polvo prebio +4 - lata Nido 800 Gr,17350.0,21687.5,,,14338.84,,https://www.kilbelonline.com/lacteos/leches/leche-polvo-prebio-4-lata-nido-800-gr/art_22701/
2026-09-28T07:48:48,Kilbel,27354,Fórmula lactea larga vida 3 - tetra Nido 200 Ml,1260.0,630.0,,,1041.32,,https://www.kilbelonline.com/lacteos/leches/formula-lactea-larga-vida-3-tetra-nido-200-ml/art_27354/
2026-09-28T07:48:48,Kilbel,27353,Leche polvo instantánea extra calcio Svelty 200 Gr,4300.0,2150.0,,,3553.72,,https://www.kilbelonline.com/lacteos/leches/leche-polvo-instantanea-extra-calcio-svelty-200-gr/art_27353/
2026-09-28T07:48:48,Kilbel,27237,Leche instantánea entera polvo - caja Franz 800 Gr,10450.0,13062.5,,,8636.36,,https://www.kilbelonline.com/lacteos/leches/leche-instantanea-entera-polvo-caja-franz-800-gr/art_27237/
2026-09-28T07:48:48,Kilbel,21196,Pan con salvado La Viecka 330 Gr,2580.0,6645.45,,,1812.4,,https://www.kilbelonline.com/panificados/pan/pan-con-salvado-la-viecka-330-gr/art_21196/
2026-09-28T07:48:48,Kilbel,21195,Pan lacteado La Viecka 330 Gr,2580.0,6645.45,,,1812.4,,https://www.kilbelonline.com/panificados/pan/pan-lacteado-la-viecka-330-gr/art_21195/
2026-09-28T07:48:48,Kilbel,28916,Pan molde salvado Facilitas 540 Gr,3700.0,6166.67,,,2752.07,,https://www.kilbelonline.com/panificados/pan/pan-molde-salvado-facilitas-540-gr/art_28916/
2026-09-28T07:48:48,Kilbel,28915,Pan molde lacteado Facilitas 540 Gr,3300.0,5500.0,,,2454.55,,https://www.kilbelonline.com/panificados/pan/pan-molde-lacteado-facilitas-540-gr/art_28915/
2026-09-28T07:48:48,Kilbel,28917,Pan molde integral con semillas andinas Facilitas 360 Gr,3330.0,8325.0,,,2476.86,,https://www.kilbelonline.com/panificados/pan/pan-molde-integral-con-semillas-andinas-facilitas-360-gr/art_28917/
2026-09-28T07:48:48,Kilbel,27774,Pan rústico multicereal La Francia 560 Gr,5990.0,9626.79,,,4455.37,,https://www.kilbelonline.com/panificados/pan/pan-rustico-multicereal-la-francia-560-gr/art_27774/
2026-09-28T07:48:48,Kilbel,27778,Pan rustico 3 harinas integrales La Francia 560 Gr,5990.0,9626.79,,,4455.37,,https://www.kilbelonline.com/panificados/pan/pan-rustico-3-harinas-integrales-la-francia-560-gr/art_27778/
2026-09-28T07:48:48,Kilbel,28918,Pan molde integral con semillas/legumbres Facilitas 360 Gr,3330.0,8325.0,,,2476.86,,https://www.kilbelonline.com/panificados/pan/pan-molde-integral-con-semillas-legumbres-facilitas-360-gr/art_28918/
2026-09-28T07:48:48,Kilbel,22138,Pan multicereal cormillot Veneziana 410 Gr,4320.0,10009.76,,,3391.74,,https://www.kilbelonline.com/panificados/pan/pan-multicereal-cormillot-veneziana-410-gr/art_22138/
2026-09-28T07:48:48,Kilbel,22136,Pan integral cormillot Veneziana 360 Gr,3350.0,8840.28,,,2630.17,,https://www.kilbelonline.com/panificados/pan/pan-integral-cormillot-veneziana-360-gr/art_22136/
2026-09-28T07:48:48,Kilbel,19673,Pan lacteado Kilbel 400 Gr,1995.0,4987.5,,,1648.76,,https://www.kilbelonline.com/panificados/pan/pan-lacteado-kilbel-400-gr/art_19673/
2026-09-28T07:48:48,Kilbel,19674,Pan lacteado con salvado Kilbel 400 Gr,1995.0,4987.5,,,1648.76,,https://www.kilbelonline.com/panificados/pan/pan-lacteado-con-salvado-kilbel-400-gr/art_19674/
2026-09-28T07:48:48,Kilbel,22135,Pan lacteado familiar Veneziana 600 Gr,4270.0,7116.67,,,3528.93,,https://www.kilbelonline.com/panificados/pan/pan-lacteado-familiar-veneziana-600-gr/art_22135/
2026-09-28T07:48:48,Kilbel,22774,Pan integral cormillot Veneziana 630 Gr,5360.0,8507.94,,,4429.75,,https://www.kilbelonline.com/panificados/pan/pan-integral-cormillot-veneziana-630-gr/art_22774/
2026-09-28T07:48:48,Kilbel,24864,Pan mauser  1 Kg,2490.0,2490.0,,,2253.39,,https://www.kilbelonline.com/panificados/pan/pan-mauser-1-kg/art_24864/
2026-09-28T07:48:48,Kilbel,24861,Pan mignon Tato 1 Kg,5650.0,5650.0,,,5113.12,,https://www.kilbelonline.com/panificados/pan/pan-mignon-tato-1-kg/art_24861/
2026-09-28T07:48:48,Kilbel,23120,Pan de campo tipo casero Veneziana 400 Gr,3540.0,8850.0,,,2925.62,,https://www.kilbelonline.com/panificados/pan/pan-de-campo-tipo-casero-veneziana-400-gr/art_23120/
2026-09-28T07:48:48,Kilbel,29286,Pan m.lacteado Fargo 370 Gr,5900.0,15945.95,,,4876.03,,https://www.kilbelonline.com/panificados/pan/pan-m-lacteado-fargo-370-gr/art_29286/
2026-09-28T07:48:48,Kilbel,24863,Pan especial Tato 1 Kg,5650.0,5650.0,,,5113.12,,https://www.kilbelonline.com/panificados/pan/pan-especial-tato-1-kg/art_24863/
2026-09-28T07:48:48,Kilbel,29293,Pan molde semillas con masa madre Oroweat 600 Gr,11500.0,19166.67,,,9504.13,,https://www.kilbelonline.com/panificados/pan/pan-molde-semillas-con-masa-madre-oroweat-600-gr/art_29293/
2026-09-28T07:48:48,Kilbel,24876,Pan baguette Kilbel 1 U,1695.0,1695.0,,,1533.94,,https://www.kilbelonline.com/panificados/pan/pan-baguette-kilbel-1-u/art_24876/
2026-09-28T07:48:48,Kilbel,27776,Pan rustico doble salvado La Francia 560 Gr,5990.0,10696.43,,,4950.41,,https://www.kilbelonline.com/panificados/pan/pan-rustico-doble-salvado-la-francia-560-gr/art_27776/
2026-09-28T07:48:48,Kilbel,23495,Pan lacteado integral Fargo 400 Gr,6600.0,16500.0,,,5454.55,,https://www.kilbelonline.com/panificados/pan/pan-lacteado-integral-fargo-400-gr/art_23495/
2026-09-28T07:48:48,Kilbel,27775,Pan rustico doble integral La Francia 560 Gr,5990.0,10696.43,,,4950.41,,https://www.kilbelonline.com/panificados/pan/pan-rustico-doble-integral-la-francia-560-gr/art_27775/
2026-09-28T07:48:48,Kilbel,27777,Pan rustico tradicional La Francia 560 Gr,5990.0,10696.43,,,4950.41,,https://www.kilbelonline.com/panificados/pan/pan-rustico-tradicional-la-francia-560-gr/art_27777/
2026-09-28T07:48:48,Kilbel,27779,Pan rustico con calabaza La Francia 560 Gr,5990.0,10696.43,,,4950.41,,https://www.kilbelonline.com/panificados/pan/pan-rustico-con-calabaza-la-francia-560-gr/art_27779/
2026-09-28T07:48:48,Kilbel,28209,Pan rustico blanco La Francia 560 Gr,5990.0,10696.43,,,4950.41,,https://www.kilbelonline.com/panificados/pan/pan-rustico-blanco-la-francia-560-gr/art_28209/
2026-09-28T07:48:48,Kilbel,19575,Pan salvado La Maria 1 Kg,3600.0,3600.0,,,3257.92,,https://www.kilbelonline.com/panificados/pan/pan-salvado-la-maria-1-kg/art_19575/
2026-09-28T07:48:48,Kilbel,23496,Pan lacteado cereales y semillas Fargo 400 Gr,6600.0,16500.0,,,5454.55,,https://www.kilbelonline.com/panificados/pan/pan-lacteado-cereales-y-semillas-fargo-400-gr/art_23496/
2026-09-28T07:48:48,Kilbel,29284,Pan molde salvado Fargo 390 Gr,6560.0,16820.51,,,5421.49,,https://www.kilbelonline.com/panificados/pan/pan-molde-salvado-fargo-390-gr/art_29284/
2026-09-28T07:48:48,Kilbel,29285,Pan molde salvado Fargo 600 Gr,8900.0,14833.33,,,7355.37,,https://www.kilbelonline.com/panificados/pan/pan-molde-salvado-fargo-600-gr/art_29285/
2026-09-28T07:48:48,Kilbel,22137,Pan trisalvado light cormillot Veneziana 360 Gr,3190.0,8861.11,,,2636.36,,https://www.kilbelonline.com/panificados/pan/pan-trisalvado-light-cormillot-veneziana-360-gr/art_22137/
2026-09-28T07:48:48,Kilbel,29294,Pan molde artesano brioche Bimbo 500 Gr,9700.0,19400.0,,,8016.53,,https://www.kilbelonline.com/panificados/pan/pan-molde-artesano-brioche-bimbo-500-gr/art_29294/
2026-09-28T07:48:48,Kilbel,23236,Cerveza rubia - lata Warsteiner 473 Cm3,3750.0,5285.41,,,3099.17,3,https://www.kilbelonline.com/bebidas/cervezas/cerveza-rubia-lata-warsteiner-473-cm3/art_23236/
2026-09-28T07:48:48,Kilbel,23578,Cerveza roja amber lager - lata Imperial 473 Cm3,3000.0,4228.33,,,2479.34,3,https://www.kilbelonline.com/bebidas/cervezas/cerveza-roja-amber-lager-lata-imperial-473-cm3/art_23578/
2026-09-28T07:48:48,Kilbel,23208,Cerveza rubia lata x473 pack Warsteiner 6 U,22500.0,2500.0,,,18595.04,3,https://www.kilbelonline.com/bebidas/cervezas/cerveza-rubia-lata-x473-pack-warsteiner-6-u/art_23208/
2026-09-28T07:48:48,Kilbel,22926,Cerveza rubia - botella Miller 330 Cm3,3600.0,5454.55,,,2975.21,2,https://www.kilbelonline.com/bebidas/cervezas/cerveza-rubia-botella-miller-330-cm3/art_22926/
2026-09-28T07:48:48,Kilbel,22717,Cerveza rubia - lata Imperial 473 Cm3,3000.0,4228.33,,,2479.34,3,https://www.kilbelonline.com/bebidas/cervezas/cerveza-rubia-lata-imperial-473-cm3/art_22717/
2026-09-28T07:48:48,Kilbel,24155,Cerveza rubia golden - lata Imperial 473 Cm3,3000.0,4228.33,,,2479.34,3,https://www.kilbelonline.com/bebidas/cervezas/cerveza-rubia-golden-lata-imperial-473-cm3/art_24155/
2026-09-28T07:48:48,Kilbel,25501,Cerveza rubia lata x473 pack Imperial 6 U,18000.0,2000.0,,,14876.03,3,https://www.kilbelonline.com/bebidas/cervezas/cerveza-rubia-lata-x473-pack-imperial-6-u/art_25501/
2026-09-28T07:48:48,Kilbel,25593,Cerveza kolsch - lata Antares 473 Cm3,3700.0,6649.05,,,2599.17,,https://www.kilbelonline.com/bebidas/cervezas/cerveza-kolsch-lata-antares-473-cm3/art_25593/
2026-09-28T07:48:48,Kilbel,25624,Cerveza honey - lata Antares 473 Cm3,3700.0,6649.05,,,2599.17,,https://www.kilbelonline.com/bebidas/cervezas/cerveza-honey-lata-antares-473-cm3/art_25624/
2026-09-28T07:48:48,Kilbel,25665,Cerveza scotch - lata Antares 473 Cm3,3700.0,6649.05,,,2599.17,,https://www.kilbelonline.com/bebidas/cervezas/cerveza-scotch-lata-antares-473-cm3/art_25665/
2026-09-28T07:48:48,Kilbel,25666,Cerveza caravana - lata Antares 473 Cm3,3700.0,6649.05,,,2599.17,,https://www.kilbelonline.com/bebidas/cervezas/cerveza-caravana-lata-antares-473-cm3/art_25666/
2026-09-28T07:48:48,Kilbel,21178,Cerveza retornable rubia Quilmes B.cero 1 Lt,4000.0,3600.0,,,2975.21,,https://www.kilbelonline.com/bebidas/cervezas/cerveza-retornable-rubia-quilmes-b-cero-1-lt/art_21178/
2026-09-28T07:48:48,Kilbel,25156,Cerveza retornable rubia Heineken 1 Lt,6500.0,5850.0,,,4834.71,,https://www.kilbelonline.com/bebidas/cervezas/cerveza-retornable-rubia-heineken-1-lt/art_25156/
2026-09-28T07:48:48,Kilbel,20590,Cerveza retornable rubia Schneider 1 Lt,4600.0,4140.0,,,3421.49,,https://www.kilbelonline.com/bebidas/cervezas/cerveza-retornable-rubia-schneider-1-lt/art_20590/
2026-09-28T07:48:48,Kilbel,22848,Cerveza negra - lata Quilmes Stout 473 Cm3,2600.0,4947.15,,,1933.88,,https://www.kilbelonline.com/bebidas/cervezas/cerveza-negra-lata-quilmes-stout-473-cm3/art_22848/
2026-09-28T07:48:48,Kilbel,20928,Cerveza rubia - botella Corona 330 Cm3,3700.0,10090.91,,,2752.07,,https://www.kilbelonline.com/bebidas/cervezas/cerveza-rubia-botella-corona-330-cm3/art_20928/
2026-09-28T07:48:48,Kilbel,22849,Cerveza negra lata x473 pack Quilmes Stout 6 U,15600.0,2340.0,,,11603.31,,https://www.kilbelonline.com/bebidas/cervezas/cerveza-negra-lata-x473-pack-quilmes-stout-6-u/art_22849/
2026-09-28T07:48:48,Kilbel,20494,Cerveza retornable negra Quilmes Stout 1 Lt,4900.0,4410.0,,,3644.63,,https://www.kilbelonline.com/bebidas/cervezas/cerveza-retornable-negra-quilmes-stout-1-lt/art_20494/
2026-09-28T07:48:48,Kilbel,22880,Cerveza rubia botella x330 pack Corona 6 U,22200.0,3330.0,,,16512.4,,https://www.kilbelonline.com/bebidas/cervezas/cerveza-rubia-botella-x330-pack-corona-6-u/art_22880/
2026-09-28T07:48:48,Kilbel,23235,Cerveza rubia - lata Grolsch 473 Cm3,3800.0,7230.45,,,2826.45,,https://www.kilbelonline.com/bebidas/cervezas/cerveza-rubia-lata-grolsch-473-cm3/art_23235/
2026-09-28T07:48:48,Kilbel,24749,Cerveza rubia - lata Salta 473 Cm3,2800.0,5327.69,,,2082.64,,https://www.kilbelonline.com/bebidas/cervezas/cerveza-rubia-lata-salta-473-cm3/art_24749/
2026-09-28T07:48:48,Kilbel,23201,Cerveza ipa - lata Imperial 473 Cm3,3000.0,6025.37,,,2355.37,,https://www.kilbelonline.com/bebidas/cervezas/cerveza-ipa-lata-imperial-473-cm3/art_23201/
2026-09-28T07:48:48,Kilbel,25509,Cerveza golden lata x473 pack Imperial 6 U,18000.0,2850.0,,,14132.23,,https://www.kilbelonline.com/bebidas/cervezas/cerveza-golden-lata-x473-pack-imperial-6-u/art_25509/
2026-09-28T07:48:48,Kilbel,20978,Cerveza rubia - lata Schneider 473 Cm3,1875.0,3964.06,,,1549.59,,https://www.kilbelonline.com/bebidas/cervezas/cerveza-rubia-lata-schneider-473-cm3/art_20978/
2026-09-28T07:48:48,Kilbel,25057,Cerveza retornable rubia Budweiser 1 Lt,3995.0,3995.0,,,3301.65,,https://www.kilbelonline.com/bebidas/cervezas/cerveza-retornable-rubia-budweiser-1-lt/art_25057/
2026-09-28T07:48:48,Kilbel,22810,Cerveza negra stout - lata Imperial 473 Cm3,2400.0,5074.0,,,1983.47,,https://www.kilbelonline.com/bebidas/cervezas/cerveza-negra-stout-lata-imperial-473-cm3/art_22810/
2026-09-28T07:48:48,Kilbel,20349,Cerveza retornable rubia Stella Artois 975 Cm3,5100.0,5230.77,,,4214.88,,https://www.kilbelonline.com/bebidas/cervezas/cerveza-retornable-rubia-stella-artois-975-cm3/art_20349/
2026-09-28T07:48:48,Kilbel,22416,Cerveza rubia - lata Heineken 473 Cm3,2925.0,6183.93,,,2417.36,,https://www.kilbelonline.com/bebidas/cervezas/cerveza-rubia-lata-heineken-473-cm3/art_22416/
2026-09-28T07:48:48,Kilbel,24331,Cerveza retornable lager Amstel 1 Lt,3520.0,3520.0,,,2909.09,,https://www.kilbelonline.com/bebidas/cervezas/cerveza-retornable-lager-amstel-1-lt/art_24331/
2026-09-28T07:48:48,Kilbel,25256,Cerveza rubia golden - lata Imperial 710 Cm3,3440.0,4845.07,,,2842.98,,https://www.kilbelonline.com/bebidas/cervezas/cerveza-rubia-golden-lata-imperial-710-cm3/art_25256/
2026-09-28T07:48:48,Kilbel,25662,Cerveza lager lata x473 pack Amstel 6 U,13470.0,2245.0,,,11132.23,,https://www.kilbelonline.com/bebidas/cervezas/cerveza-lager-lata-x473-pack-amstel-6-u/art_25662/
2026-09-28T07:48:48,Kilbel,22912,Cerveza rubia - lata Santa Fe 473 Cm3,1990.0,4207.19,,,1644.63,,https://www.kilbelonline.com/bebidas/cervezas/cerveza-rubia-lata-santa-fe-473-cm3/art_22912/
2026-09-28T07:48:48,Kilbel,23591,Cerveza rubia - lata Imperial 710 Cm3,3400.0,4788.73,,,2809.92,,https://www.kilbelonline.com/bebidas/cervezas/cerveza-rubia-lata-imperial-710-cm3/art_23591/
2026-09-28T07:48:48,Kilbel,24513,Cerveza pilsen - lata Santa Fe 473 Cm3,1990.0,4207.19,,,1644.63,,https://www.kilbelonline.com/bebidas/cervezas/cerveza-pilsen-lata-santa-fe-473-cm3/art_24513/
2026-09-28T07:48:48,Kilbel,22357,Cerveza retornable rubia Grolsch 925 Ml,4340.0,4691.89,,,3586.78,,https://www.kilbelonline.com/bebidas/cervezas/cerveza-retornable-rubia-grolsch-925-ml/art_22357/
2026-09-28T07:48:48,Kilbel,23592,Cerveza rubia - lata Heineken 710 Cm3,4560.0,6422.54,,,3768.6,,https://www.kilbelonline.com/bebidas/cervezas/cerveza-rubia-lata-heineken-710-cm3/art_23592/
2026-09-28T07:48:48,Kilbel,23421,Cerveza apa - lata Imperial 473 Cm3,2400.0,5074.0,,,1983.47,,https://www.kilbelonline.com/bebidas/cervezas/cerveza-apa-lata-imperial-473-cm3/art_23421/
2026-09-28T07:48:48,Kilbel,22972,Cerveza rubia lata x473 pack Heineken 6 U,17550.0,2925.0,,,14504.13,,https://www.kilbelonline.com/bebidas/cervezas/cerveza-rubia-lata-x473-pack-heineken-6-u/art_22972/
2026-09-28T07:48:48,Kilbel,22750,Cerveza rubia - lata Stella Artois 473 Cm3,3040.0,6427.06,,,2512.4,,https://www.kilbelonline.com/bebidas/cervezas/cerveza-rubia-lata-stella-artois-473-cm3/art_22750/
2026-09-28T07:48:48,Kilbel,24512,Cerveza retornable pilsen Santa Fe 1 Lt,3900.0,3900.0,,,3223.14,,https://www.kilbelonline.com/bebidas/cervezas/cerveza-retornable-pilsen-santa-fe-1-lt/art_24512/
2026-09-28T07:48:48,Kilbel,19659,Cerveza rubia - lata Quilmes Clasica 473 Cm3,2090.0,4418.6,,,1727.27,,https://www.kilbelonline.com/bebidas/cervezas/cerveza-rubia-lata-quilmes-clasica-473-cm3/art_19659/
2026-09-28T07:48:48,Kilbel,20848,Cerveza rubia - botella Heineken 330 Ml,3400.0,10303.03,,,2809.92,,https://www.kilbelonline.com/bebidas/cervezas/cerveza-rubia-botella-heineken-330-ml/art_20848/
2026-09-28T07:48:48,Kilbel,21637,Cerveza retornable rubia Miller 1 Lt,4050.0,4050.0,,,3347.11,,https://www.kilbelonline.com/bebidas/cervezas/cerveza-retornable-rubia-miller-1-lt/art_21637/
2026-09-28T07:48:48,Kilbel,22665,Cerveza retornable rubia - botella Imperial 1 Lt,3900.0,3900.0,,,3223.14,,https://www.kilbelonline.com/bebidas/cervezas/cerveza-retornable-rubia-botella-imperial-1-lt/art_22665/
2026-09-28T07:48:48,Kilbel,22796,Cerveza rubia lata x473 pack Stella Artois 6 U,18240.0,3040.0,,,15074.38,,https://www.kilbelonline.com/bebidas/cervezas/cerveza-rubia-lata-x473-pack-stella-artois-6-u/art_22796/
2026-09-28T07:48:48,Kilbel,22913,Cerveza rubia- lata Miller 473 Cm3,2140.0,4524.31,,,1768.6,,https://www.kilbelonline.com/bebidas/cervezas/cerveza-rubia-lata-miller-473-cm3/art_22913/
2026-09-28T07:48:48,Kilbel,23069,Cerveza negra - lata Andes 473 Cm3,2800.0,5919.66,,,2314.05,,https://www.kilbelonline.com/bebidas/cervezas/cerveza-negra-lata-andes-473-cm3/art_23069/
2026-09-28T07:48:48,Kilbel,23070,Cerveza roja - lata Andes 473 Cm3,2800.0,5919.66,,,2314.05,,https://www.kilbelonline.com/bebidas/cervezas/cerveza-roja-lata-andes-473-cm3/art_23070/
2026-09-28T07:48:48,Kilbel,23136,Cerveza rubia - lata Schneider 710 Cm3,2999.0,4223.94,,,2478.51,,https://www.kilbelonline.com/bebidas/cervezas/cerveza-rubia-lata-schneider-710-cm3/art_23136/
2026-09-28T07:48:48,Kilbel,23549,Cerveza rubia lata x473 pack Miller 6 U,12825.0,2137.5,,,10599.17,,https://www.kilbelonline.com/bebidas/cervezas/cerveza-rubia-lata-x473-pack-miller-6-u/art_23549/
2026-09-28T07:48:48,Kilbel,24279,Cerveza lager - lata Amstel 473 Cm3,2245.0,4746.3,,,1855.37,,https://www.kilbelonline.com/bebidas/cervezas/cerveza-lager-lata-amstel-473-cm3/art_24279/
2026-09-28T07:48:48,Kilbel,24573,Cerveza descartable rubia Stella Artois 710 Cm3,4575.0,6443.66,,,3780.99,,https://www.kilbelonline.com/bebidas/cervezas/cerveza-descartable-rubia-stella-artois-710-cm3/art_24573/
2026-09-28T07:48:48,Kilbel,25600,Cerveza rubia sin alcohol - botella Stella Artois 330 Cm3,2285.0,6924.24,,,1888.43,,https://www.kilbelonline.com/bebidas/cervezas/cerveza-rubia-sin-alcohol-botella-stella-artois-330-cm3/art_25600/
2026-09-28T07:48:48,Kilbel,20237,Cerveza rubia - botella Stella Artois 330 Cm3,3500.0,5303.03,,,2892.56,2,https://www.kilbelonline.com/bebidas/cervezas/cerveza-rubia-botella-stella-artois-330-cm3/art_20237/
2026-09-28T07:48:48,Kilbel,26892,Cerveza rubia - lata Blue Moon 473 Cm3,4400.0,4651.17,,,3636.36,2,https://www.kilbelonline.com/bebidas/cervezas/cerveza-rubia-lata-blue-moon-473-cm3/art_26892/
2026-09-28T07:48:48,Kilbel,29055,Cerveza rubia light s/tacc - b Michelob 275 Cm3,3150.0,7636.37,,,2603.31,3,https://www.kilbelonline.com/bebidas/cervezas/cerveza-rubia-light-s-tacc-b-michelob-275-cm3/art_29055/
2026-09-28T07:48:48,Kilbel,27994,Cerveza rubia botella x330 pack Stella Artois 6 U,21000.0,1750.0,,,17355.37,2,https://www.kilbelonline.com/bebidas/cervezas/cerveza-rubia-botella-x330-pack-stella-artois-6-u/art_27994/
2026-09-28T07:48:48,Kilbel,29078,Cerveza rubia light s/tacc botella pack Michelob 6 U,18900.0,2100.0,,,15619.83,3,https://www.kilbelonline.com/bebidas/cervezas/cerveza-rubia-light-s-tacc-botella-pack-michelob-6-u/art_29078/
2026-09-28T07:48:48,Kilbel,27720,Cerveza lager - lata Antares 473 Cm3,3700.0,6649.05,,,2599.17,,https://www.kilbelonline.com/bebidas/cervezas/cerveza-lager-lata-antares-473-cm3/art_27720/
2026-09-28T07:48:48,Kilbel,27474,Cerveza retornable rubia Quilmes Clasica 1 Lt,4900.0,4410.0,,,3644.63,,https://www.kilbelonline.com/bebidas/cervezas/cerveza-retornable-rubia-quilmes-clasica-1-lt/art_27474/
2026-09-28T07:48:48,Kilbel,26868,Cerveza rubia light sin tacc - lata Michelob 473 Cm3,2800.0,5327.69,,,2082.64,,https://www.kilbelonline.com/bebidas/cervezas/cerveza-rubia-light-sin-tacc-lata-michelob-473-cm3/art_26868/
2026-09-28T07:48:48,Kilbel,27319,Cerveza rubia 0.0% - botella Corona 330 Cm3,3100.0,8454.55,,,2305.79,,https://www.kilbelonline.com/bebidas/cervezas/cerveza-rubia-0-0-botella-corona-330-cm3/art_27319/
2026-09-28T07:48:48,Kilbel,28872,Cerveza - lata Quilmes B.cero 473 Cm3,2400.0,4566.6,,,1785.12,,https://www.kilbelonline.com/bebidas/cervezas/cerveza-lata-quilmes-b-cero-473-cm3/art_28872/
2026-09-28T07:48:48,Kilbel,29054,Cerveza rubia 0% - lata Corona 473 Cm3,3100.0,5898.52,,,2305.79,,https://www.kilbelonline.com/bebidas/cervezas/cerveza-rubia-0-lata-corona-473-cm3/art_29054/
2026-09-28T07:48:48,Kilbel,25708,Cerveza cream stout - lata Pampa 473 Cm3,3500.0,6659.62,,,2603.31,,https://www.kilbelonline.com/bebidas/cervezas/cerveza-cream-stout-lata-pampa-473-cm3/art_25708/
2026-09-28T07:48:48,Kilbel,25729,Cerveza amber ale - lata Pampa 473 Cm3,3200.0,6088.8,,,2380.17,,https://www.kilbelonline.com/bebidas/cervezas/cerveza-amber-ale-lata-pampa-473-cm3/art_25729/
2026-09-28T07:48:48,Kilbel,25731,Cerveza honey ale - lata Pampa 473 Cm3,3200.0,6088.8,,,2380.17,,https://www.kilbelonline.com/bebidas/cervezas/cerveza-honey-ale-lata-pampa-473-cm3/art_25731/
2026-09-28T07:48:48,Kilbel,25734,Cerveza ipa - lata Pampa 473 Cm3,3500.0,6659.62,,,2603.31,,https://www.kilbelonline.com/bebidas/cervezas/cerveza-ipa-lata-pampa-473-cm3/art_25734/
2026-09-28T07:48:48,Kilbel,25744,Cerveza dorada pampeana - lata Pampa 473 Cm3,3200.0,6088.8,,,2380.17,,https://www.kilbelonline.com/bebidas/cervezas/cerveza-dorada-pampeana-lata-pampa-473-cm3/art_25744/
2026-09-28T07:48:48,Kilbel,25762,Cerveza extra stout - lata Guinness 473 Cm3,4900.0,9323.47,,,3644.63,,https://www.kilbelonline.com/bebidas/cervezas/cerveza-extra-stout-lata-guinness-473-cm3/art_25762/
2026-09-28T07:48:48,Kilbel,27258,Cerveza rubia light sin tacc sixpack Michelob 6 U,16800.0,2520.0,,,12495.87,,https://www.kilbelonline.com/bebidas/cervezas/cerveza-rubia-light-sin-tacc-sixpack-michelob-6-u/art_27258/
2026-09-28T07:48:48,Kilbel,27896,Cerveza rubia lata x473 pack Salta 6 U,16800.0,2520.0,,,12495.87,,https://www.kilbelonline.com/bebidas/cervezas/cerveza-rubia-lata-x473-pack-salta-6-u/art_27896/
2026-09-28T07:48:48,Kilbel,29056,Cerveza rubia 0% lata x473 pack Corona 6 U,18600.0,2790.0,,,13834.71,,https://www.kilbelonline.com/bebidas/cervezas/cerveza-rubia-0-lata-x473-pack-corona-6-u/art_29056/
2026-09-28T07:48:48,Kilbel,28953,Cerveza ipa sin alcohol - lata Antares 473 Cm3,3700.0,7431.29,,,2904.96,,https://www.kilbelonline.com/bebidas/cervezas/cerveza-ipa-sin-alcohol-lata-antares-473-cm3/art_28953/
2026-09-28T07:48:48,Kilbel,26850,Cerveza rubia sin alcohol - lata Stella Artois 473 Cm3,2400.0,5074.0,,,1983.47,,https://www.kilbelonline.com/bebidas/cervezas/cerveza-rubia-sin-alcohol-lata-stella-artois-473-cm3/art_26850/
2026-09-28T07:48:48,Kilbel,22925,Cerveza 24.7 - lata Patagonia 473 Cm3,2975.0,6289.64,,,2458.68,,https://www.kilbelonline.com/bebidas/cervezas/cerveza-24-7-lata-patagonia-473-cm3/art_22925/
2026-09-28T07:48:48,Kilbel,23040,Cerveza rubia lata x473 pack Budweiser 6 U,11995.0,1999.17,,,9913.22,,https://www.kilbelonline.com/bebidas/cervezas/cerveza-rubia-lata-x473-pack-budweiser-6-u/art_23040/
2026-09-28T07:48:48,Kilbel,21946,Cerveza rubia - lata Budweiser 473 Cm3,1999.0,4226.22,,,1652.07,,https://www.kilbelonline.com/bebidas/cervezas/cerveza-rubia-lata-budweiser-473-cm3/art_21946/
2026-09-28T07:48:48,Kilbel,29682,Cerveza rubia ft.limón - lata Brahma 473 Cm3,1960.0,4143.76,,,1619.83,,https://www.kilbelonline.com/bebidas/cervezas/cerveza-rubia-ft-limon-lata-brahma-473-cm3/art_29682/
2026-09-28T07:48:48,Kilbel,29683,Cerveza rubia ft.pomelo - lata Brahma 473 Cm3,1960.0,4143.76,,,1619.83,,https://www.kilbelonline.com/bebidas/cervezas/cerveza-rubia-ft-pomelo-lata-brahma-473-cm3/art_29683/
2026-09-28T07:48:48,Kilbel,29180,Cerveza lager - lata Estrella Galicia 473 Cm3,3055.0,6458.77,,,2524.79,,https://www.kilbelonline.com/bebidas/cervezas/cerveza-lager-lata-estrella-galicia-473-cm3/art_29180/
2026-09-28T07:48:48,Kilbel,29479,Cerveza con limón lata x473 pack Schneider 6 U,13440.0,2240.0,,,11107.44,,https://www.kilbelonline.com/bebidas/cervezas/cerveza-con-limon-lata-x473-pack-schneider-6-u/art_29479/
2026-09-28T07:48:48,Kilbel,27964,Cerveza rubia oro - lata Andes 473 Cm3,2240.0,4735.73,,,1851.24,,https://www.kilbelonline.com/bebidas/cervezas/cerveza-rubia-oro-lata-andes-473-cm3/art_27964/
2026-09-28T07:48:48,Kilbel,28190,Cerveza golden - bot Imperial 330 Cm3,3060.0,9272.73,,,2528.93,,https://www.kilbelonline.com/bebidas/cervezas/cerveza-golden-bot-imperial-330-cm3/art_28190/
2026-09-28T07:48:48,Kilbel,28824,Cerveza rubia - lata Corona 473 Cm3,3400.0,7188.16,,,2809.92,,https://www.kilbelonline.com/bebidas/cervezas/cerveza-rubia-lata-corona-473-cm3/art_28824/
2026-09-28T07:48:48,Kilbel,28911,Cerveza con limón - lata Schneider 473 Cm3,2240.0,4735.73,,,1851.24,,https://www.kilbelonline.com/bebidas/cervezas/cerveza-con-limon-lata-schneider-473-cm3/art_28911/
2026-09-28T07:48:48,Kilbel,29142,Cerveza rubia - lata Brahma 710 Cm3,3299.0,4646.48,,,2726.45,,https://www.kilbelonline.com/bebidas/cervezas/cerveza-rubia-lata-brahma-710-cm3/art_29142/
2026-09-28T07:48:48,Kilbel,29152,Cerveza rubia - lata Budweiser 710 Cm3,3390.0,4774.65,,,2801.65,,https://www.kilbelonline.com/bebidas/cervezas/cerveza-rubia-lata-budweiser-710-cm3/art_29152/
2026-09-28T07:48:48,Kilbel,29153,Cerveza rubia - lata Stella Artois 710 Cm3,5100.0,7183.1,,,4214.88,,https://www.kilbelonline.com/bebidas/cervezas/cerveza-rubia-lata-stella-artois-710-cm3/art_29153/
2026-09-28T07:48:48,Kilbel,29345,Cerveza lager lata x473 pack Estrella Galicia 6 U,18330.0,3055.0,,,15148.76,,https://www.kilbelonline.com/bebidas/cervezas/cerveza-lager-lata-x473-pack-estrella-galicia-6-u/art_29345/
2026-09-28T07:48:48,Kilbel,29386,Cerveza lager - botella Estrella Galicia 355 Cm3,3450.0,9718.31,,,2851.24,,https://www.kilbelonline.com/bebidas/cervezas/cerveza-lager-botella-estrella-galicia-355-cm3/art_29386/
2026-09-28T07:48:48,Kilbel,29387,Cerveza lager botella x355 pack Estrella Galicia 6 U,20700.0,3450.0,,,17107.44,,https://www.kilbelonline.com/bebidas/cervezas/cerveza-lager-botella-x355-pack-estrella-galicia-6-u/art_29387/
2026-09-28T07:48:48,Kilbel,29399,Cerveza rubia pure gold botella Stella Artois 330 Cm3,3200.0,9696.97,,,2644.63,,https://www.kilbelonline.com/bebidas/cervezas/cerveza-rubia-pure-gold-botella-stella-artois-330-cm3/art_29399/
2026-09-28T07:48:48,Kilbel,29401,Cerveza rubia pure gold botella x330cc Stella Artois 6 U,19200.0,3200.0,,,15867.77,,https://www.kilbelonline.com/bebidas/cervezas/cerveza-rubia-pure-gold-botella-x330cc-stella-artois-6-u/art_29401/
2026-09-28T07:48:48,Kilbel,29508,Cerveza rubia pure gold Stella Artois 473 Cm3,3300.0,6976.74,,,2727.27,,https://www.kilbelonline.com/bebidas/cervezas/cerveza-rubia-pure-gold-stella-artois-473-cm3/art_29508/
2026-09-28T07:48:48,Kilbel,29509,Cerveza rubia pure gold lata x473cc Stella Artois 6 U,19800.0,3300.0,,,16363.64,,https://www.kilbelonline.com/bebidas/cervezas/cerveza-rubia-pure-gold-lata-x473cc-stella-artois-6-u/art_29509/
2026-09-28T07:48:48,Kilbel,24021,Cerveza rubia 0% - lata Quilmes 473 Cm3,2100.0,4439.75,,,1735.54,,https://www.kilbelonline.com/bebidas/cervezas/cerveza-rubia-0-lata-quilmes-473-cm3/art_24021/
2026-09-28T07:48:48,Kilbel,20733,Cerveza rubia - bot. Corona 710 Ml,6000.0,8450.7,,,4958.68,,https://www.kilbelonline.com/bebidas/cervezas/cerveza-rubia-bot-corona-710-ml/art_20733/
2026-09-28T07:48:48,Kilbel,21576,Cerveza retornable rubia Amstel 1 Lt,508.0,508.0,,,419.83,,https://www.kilbelonline.com/bebidas/cervezas/cerveza-retornable-rubia-amstel-1-lt/art_21576/
2026-09-28T07:48:48,Kilbel,22973,Cerveza rubia botella x330 pack Miller 6 U,21600.0,3600.0,,,17851.24,,https://www.kilbelonline.com/bebidas/cervezas/cerveza-rubia-botella-x330-pack-miller-6-u/art_22973/
2026-09-28T07:48:48,Kilbel,24333,Cerveza  rubia - lata Miller 710 Cm3,3600.0,5070.42,,,2975.21,,https://www.kilbelonline.com/bebidas/cervezas/cerveza-rubia-lata-miller-710-cm3/art_24333/
2026-09-28T07:48:48,Kilbel,28689,Cerveza rubia 0% - lata Heineken 473 Cm3,3000.0,6342.49,,,2479.34,,https://www.kilbelonline.com/bebidas/cervezas/cerveza-rubia-0-lata-heineken-473-cm3/art_28689/
2026-09-28T07:48:48,Kilbel,29601,Cerveza mix maracuya - lata Stones 473 Cm3,2750.0,5813.95,,,2272.73,,https://www.kilbelonline.com/bebidas/cervezas/cerveza-mix-maracuya-lata-stones-473-cm3/art_29601/
2026-09-28T07:48:48,Kilbel,23115,Cerveza amber - lata Patagonia 473 Cm3,3600.0,7610.99,,,2975.21,,https://www.kilbelonline.com/bebidas/cervezas/cerveza-amber-lata-patagonia-473-cm3/art_23115/
2026-09-28T07:48:48,Kilbel,26298,Cerveza belgian white Blue Moon 355 Ml,4200.0,11830.99,,,3471.07,,https://www.kilbelonline.com/bebidas/cervezas/cerveza-belgian-white-blue-moon-355-ml/art_26298/
2026-09-28T07:48:48,Kilbel,26852,Cerveza lager - lata Goose Island 473 Cm3,2259.0,4775.9,,,1866.94,,https://www.kilbelonline.com/bebidas/cervezas/cerveza-lager-lata-goose-island-473-cm3/art_26852/
2026-09-28T07:48:48,Kilbel,27136,Cerveza session ipa - lata Salta 473 Cm3,2800.0,5919.66,,,2314.05,,https://www.kilbelonline.com/bebidas/cervezas/cerveza-session-ipa-lata-salta-473-cm3/art_27136/
2026-09-28T07:48:48,Kilbel,27864,Cerveza rubia oro - Andes 1 Lt,5400.0,5400.0,,,4462.81,,https://www.kilbelonline.com/bebidas/cervezas/cerveza-rubia-oro-andes-1-lt/art_27864/
2026-09-28T07:48:48,Kilbel,28188,Cerveza rubia - lata 1890 473 Cm3,1700.0,3594.08,,,1404.96,,https://www.kilbelonline.com/bebidas/cervezas/cerveza-rubia-lata-1890-473-cm3/art_28188/
2026-09-28T07:48:48,Kilbel,28622,Cerveza hop house - lata Guinness 473 Cm3,4400.0,9302.33,,,3636.36,,https://www.kilbelonline.com/bebidas/cervezas/cerveza-hop-house-lata-guinness-473-cm3/art_28622/
2026-09-28T07:48:48,Kilbel,28841,Cerveza munich helles - lata Rabieta 473 Cm3,4400.0,9302.33,,,3636.36,,https://www.kilbelonline.com/bebidas/cervezas/cerveza-munich-helles-lata-rabieta-473-cm3/art_28841/
2026-09-28T07:48:48,Kilbel,28874,Cerveza rubia - lata Brahma 354 Cm3,2054.0,5802.26,,,1697.52,,https://www.kilbelonline.com/bebidas/cervezas/cerveza-rubia-lata-brahma-354-cm3/art_28874/
2026-09-28T07:48:48,Kilbel,29600,Cerveza mix lemon - lata Stones 473 Cm3,2750.0,5813.95,,,2272.73,,https://www.kilbelonline.com/bebidas/cervezas/cerveza-mix-lemon-lata-stones-473-cm3/art_29600/
2026-09-28T07:48:48,Kilbel,27468,Fernet Capri 700 Ml,5700.0,7735.72,,,4475.21,,https://www.kilbelonline.com/bebidas/aperitivos/fernet/fernet-capri-700-ml/art_27468/
2026-09-28T07:48:48,Kilbel,25092,Fernet a la menta Branca 750 Ml,16300.0,21733.33,,,13471.07,,https://www.kilbelonline.com/bebidas/aperitivos/fernet/fernet-a-la-menta-branca-750-ml/art_25092/
2026-09-28T07:48:48,Kilbel,26978,Fernet Buhero Negro 700 Ml,10455.0,14935.71,,,8640.5,,https://www.kilbelonline.com/bebidas/aperitivos/fernet/fernet-buhero-negro-700-ml/art_26978/
2026-09-28T07:48:48,Kilbel,28930,Fernet mandelo Buhero Negro 700 Ml,11560.0,16514.29,,,9553.72,,https://www.kilbelonline.com/bebidas/aperitivos/fernet/fernet-mandelo-buhero-negro-700-ml/art_28930/
2026-09-28T07:48:48,Kilbel,29397,Fernet Buhero Negro 450 Ml,7395.0,16433.33,,,6111.57,,https://www.kilbelonline.com/bebidas/aperitivos/fernet/fernet-buhero-negro-450-ml/art_29397/
2026-09-28T07:48:48,Kilbel,20533,Fernet Branca 750 Ml,19700.0,26266.67,,,16280.99,,https://www.kilbelonline.com/bebidas/aperitivos/fernet/fernet-branca-750-ml/art_20533/
2026-09-28T07:48:48,Kilbel,23681,Fernet speciale Vittone 750 Ml,7690.0,10253.33,,,6355.37,,https://www.kilbelonline.com/bebidas/aperitivos/fernet/fernet-speciale-vittone-750-ml/art_23681/
2026-09-28T07:48:48,Kilbel,26387,Fernet Branca 1 Lt,27250.0,27250.0,,,22520.66,,https://www.kilbelonline.com/bebidas/aperitivos/fernet/fernet-branca-1-lt/art_26387/
2026-09-28T07:48:48,Kilbel,20522,Fernet Branca 450 Ml,13800.0,30666.67,,,11404.96,,https://www.kilbelonline.com/bebidas/aperitivos/fernet/fernet-branca-450-ml/art_20522/
2026-09-28T07:48:48,Kilbel,26173,Fernet edición mundial Branca 750 Ml,18900.0,25200.0,,,15619.83,,https://www.kilbelonline.com/bebidas/aperitivos/fernet/fernet-edicion-mundial-branca-750-ml/art_26173/
2026-09-28T07:48:48,Kilbel,28674,Fernet edición aniversario Branca 750 Ml,18950.0,25266.67,,,15661.16,,https://www.kilbelonline.com/bebidas/aperitivos/fernet/fernet-edicion-aniversario-branca-750-ml/art_28674/
2026-09-28T09:15:43,Kilbel,26600,Yerba mate sublime Piporé 500 Gr,2670.0,4272.0,,,1765.29,,https://www.kilbelonline.com/almacen/infusiones/yerba-mate/yerba-mate-sublime-pipore-500-gr/art_26600/
2026-09-28T09:15:43,Kilbel,26601,Yerba mate despalada Piporé 500 Gr,3000.0,4800.0,,,1983.47,,https://www.kilbelonline.com/almacen/infusiones/yerba-mate/yerba-mate-despalada-pipore-500-gr/art_26601/
2026-09-28T09:15:43,Kilbel,21013,Yerba mate con palo Aguantadora 1 Kg,5000.0,4250.0,,,3512.4,,https://www.kilbelonline.com/almacen/infusiones/yerba-mate/yerba-mate-con-palo-aguantadora-1-kg/art_21013/
2026-09-28T09:15:43,Kilbel,24111,Yerba mate 4 flex con palo Taragüi 1 Kg,5000.0,4250.0,,,3512.4,,https://www.kilbelonline.com/almacen/infusiones/yerba-mate/yerba-mate-4-flex-con-palo-taraguei-1-kg/art_24111/
2026-09-28T09:15:43,Kilbel,29442,Yerba mate suave Don Basilio 500 Gr,2580.0,4386.0,,,1812.4,,https://www.kilbelonline.com/almacen/infusiones/yerba-mate/yerba-mate-suave-don-basilio-500-gr/art_29442/
2026-09-28T09:15:43,Kilbel,21039,Yerba mate especial Rosamonte 500 Gr,4100.0,6970.0,,,2880.17,,https://www.kilbelonline.com/almacen/infusiones/yerba-mate/yerba-mate-especial-rosamonte-500-gr/art_21039/
2026-09-28T09:15:43,Kilbel,21473,Yerba mate con palo Sinceridad 1 Kg,4880.0,4392.0,,,3629.75,,https://www.kilbelonline.com/almacen/infusiones/yerba-mate/yerba-mate-con-palo-sinceridad-1-kg/art_21473/
2026-09-28T09:15:43,Kilbel,28939,Yerba mate con hierbas Buenas Y Santas 500 Gr,3100.0,5580.0,,,2305.79,,https://www.kilbelonline.com/almacen/infusiones/yerba-mate/yerba-mate-con-hierbas-buenas-y-santas-500-gr/art_28939/
2026-09-28T09:15:43,Kilbel,24254,Yerba mate con hierbas serranas Cbse 1 Kg,4650.0,4185.0,,,3458.68,,https://www.kilbelonline.com/almacen/infusiones/yerba-mate/yerba-mate-con-hierbas-serranas-cbse-1-kg/art_24254/
2026-09-28T09:15:43,Kilbel,21023,Yerba mate con hierbas serranas Cbse 500 Gr,2500.0,4500.0,,,1859.5,,https://www.kilbelonline.com/almacen/infusiones/yerba-mate/yerba-mate-con-hierbas-serranas-cbse-500-gr/art_21023/
2026-09-28T09:15:43,Kilbel,21030,Yerba mate especial Rosamonte 1 Kg,7000.0,6300.0,,,5206.61,,https://www.kilbelonline.com/almacen/infusiones/yerba-mate/yerba-mate-especial-rosamonte-1-kg/art_21030/
2026-09-28T09:15:43,Kilbel,19515,Yerba mate sabor naranja Cbse 500 Gr,2500.0,4500.0,,,1859.5,,https://www.kilbelonline.com/almacen/infusiones/yerba-mate/yerba-mate-sabor-naranja-cbse-500-gr/art_19515/
2026-09-28T09:15:43,Kilbel,24113,Yerba mate 4 flex con palo Union 1 Kg,5200.0,4680.0,,,3867.77,,https://www.kilbelonline.com/almacen/infusiones/yerba-mate/yerba-mate-4-flex-con-palo-union-1-kg/art_24113/
2026-09-28T09:15:43,Kilbel,25868,Yerba mate c/palo San Javier 1 Kg,3400.0,3060.0,,,2528.93,,https://www.kilbelonline.com/almacen/infusiones/yerba-mate/yerba-mate-c-palo-san-javier-1-kg/art_25868/
2026-09-28T09:15:43,Kilbel,27202,Yerba mate Canarias 1 Kg,14800.0,13764.0,,,11375.21,,https://www.kilbelonline.com/almacen/infusiones/yerba-mate/yerba-mate-canarias-1-kg/art_27202/
2026-09-28T09:15:43,Kilbel,27085,Yerba mate orgánica intensa Pampa 500 Gr,5600.0,10640.0,,,4396.69,,https://www.kilbelonline.com/almacen/infusiones/yerba-mate/yerba-mate-organica-intensa-pampa-500-gr/art_27085/
2026-09-28T09:15:43,Kilbel,22241,Yerba mate orgánica Pampa 500 Gr,5600.0,10640.0,,,4396.69,,https://www.kilbelonline.com/almacen/infusiones/yerba-mate/yerba-mate-organica-pampa-500-gr/art_22241/
2026-09-28T09:15:43,Kilbel,27203,Yerba mate Canarias 500 Gr,7560.0,14364.0,,,5935.54,,https://www.kilbelonline.com/almacen/infusiones/yerba-mate/yerba-mate-canarias-500-gr/art_27203/
2026-09-28T09:15:43,Kilbel,21472,Yerba mate con palo Sinceridad 500 Gr,2380.0,4760.0,,,1966.94,,https://www.kilbelonline.com/almacen/infusiones/yerba-mate/yerba-mate-con-palo-sinceridad-500-gr/art_21472/
2026-09-28T09:15:43,Kilbel,28811,Yerba mate con palo Don Basilio 1 Kg,3366.0,3366.0,,,2781.82,,https://www.kilbelonline.com/almacen/infusiones/yerba-mate/yerba-mate-con-palo-don-basilio-1-kg/art_28811/
2026-09-28T09:15:43,Kilbel,21942,Yerba mate con palo selección especial Amanda 1 Kg,4114.0,4114.0,,,3400.0,,https://www.kilbelonline.com/almacen/infusiones/yerba-mate/yerba-mate-con-palo-seleccion-especial-amanda-1-kg/art_21942/
2026-09-28T09:15:43,Kilbel,26302,Yerba mate con palo Piporé 1 Kg,4024.0,4024.0,,,3325.62,,https://www.kilbelonline.com/almacen/infusiones/yerba-mate/yerba-mate-con-palo-pipore-1-kg/art_26302/
2026-09-28T09:15:43,Kilbel,28940,Yerba mate 4 flex con palo Mañanita 1 Kg,4240.0,4240.0,,,3504.13,,https://www.kilbelonline.com/almacen/infusiones/yerba-mate/yerba-mate-4-flex-con-palo-mananita-1-kg/art_28940/
2026-09-28T09:15:43,Kilbel,21467,Yerba mate tradicional con palo Amanda 1 Kg,3749.0,3749.0,,,3098.35,,https://www.kilbelonline.com/almacen/infusiones/yerba-mate/yerba-mate-tradicional-con-palo-amanda-1-kg/art_21467/
2026-09-28T09:15:43,Kilbel,21610,Yerba mate tradicional con palo Amanda 500 Gr,2032.0,4064.0,,,1679.34,,https://www.kilbelonline.com/almacen/infusiones/yerba-mate/yerba-mate-tradicional-con-palo-amanda-500-gr/art_21610/
2026-09-28T09:15:43,Kilbel,28810,Yerba mate con palo Don Basilio 500 Gr,1836.0,3672.0,,,1517.36,,https://www.kilbelonline.com/almacen/infusiones/yerba-mate/yerba-mate-con-palo-don-basilio-500-gr/art_28810/
2026-09-28T09:15:43,Kilbel,21011,Yerba mate con palo Aguantadora 500 Gr,2380.0,4760.0,,,1966.94,,https://www.kilbelonline.com/almacen/infusiones/yerba-mate/yerba-mate-con-palo-aguantadora-500-gr/art_21011/
2026-09-28T09:15:43,Kilbel,21688,Yerba mate premium Amanda 500 Gr,2958.0,5916.0,,,2444.63,,https://www.kilbelonline.com/almacen/infusiones/yerba-mate/yerba-mate-premium-amanda-500-gr/art_21688/
2026-09-28T09:15:43,Kilbel,24112,Yerba mate 4 flex con palo Union 500 Gr,2320.0,4640.0,,,1917.36,,https://www.kilbelonline.com/almacen/infusiones/yerba-mate/yerba-mate-4-flex-con-palo-union-500-gr/art_24112/
2026-09-28T09:15:43,Kilbel,29675,Yerba mate con palo Mateando 500 Gr,2320.0,4640.0,,,1917.36,,https://www.kilbelonline.com/almacen/infusiones/yerba-mate/yerba-mate-con-palo-mateando-500-gr/art_29675/
2026-09-28T09:15:43,Kilbel,23926,Yerba mate con palo Piporé 500 Gr,2048.0,4096.0,,,1692.56,,https://www.kilbelonline.com/almacen/infusiones/yerba-mate/yerba-mate-con-palo-pipore-500-gr/art_23926/
2026-09-28T09:15:43,Kilbel,21515,Yerba mate con palo selección especial Amanda 500 Gr,2278.0,4556.0,,,1882.64,,https://www.kilbelonline.com/almacen/infusiones/yerba-mate/yerba-mate-con-palo-seleccion-especial-amanda-500-gr/art_21515/
2026-09-28T09:15:43,Kilbel,21689,Yerba mate sin palo Amanda 500 Gr,2329.0,4658.0,,,1924.79,,https://www.kilbelonline.com/almacen/infusiones/yerba-mate/yerba-mate-sin-palo-amanda-500-gr/art_21689/
2026-09-28T09:15:43,Kilbel,24441,Yerba mate con palo San Javier 500 Gr,1880.0,3760.0,,,1553.72,,https://www.kilbelonline.com/almacen/infusiones/yerba-mate/yerba-mate-con-palo-san-javier-500-gr/art_24441/
2026-09-28T09:15:43,Kilbel,24214,Yerba mate Playadito 1 Kg,5260.0,5260.0,,,4347.11,,https://www.kilbelonline.com/almacen/infusiones/yerba-mate/yerba-mate-playadito-1-kg/art_24214/
2026-09-28T09:15:43,Kilbel,24213,Yerba mate con palo Playadito 500 Gr,2820.0,5640.0,,,2330.58,,https://www.kilbelonline.com/almacen/infusiones/yerba-mate/yerba-mate-con-palo-playadito-500-gr/art_24213/
2026-09-28T09:15:43,Kilbel,28812,Yerba mate seleccion especial Don Basilio 500 Gr,2180.0,4360.0,,,1801.65,,https://www.kilbelonline.com/almacen/infusiones/yerba-mate/yerba-mate-seleccion-especial-don-basilio-500-gr/art_28812/
2026-09-28T09:15:43,Kilbel,21031,Yerba mate con palo Rosamonte 1 Kg,4300.0,4300.0,,,3553.72,,https://www.kilbelonline.com/almacen/infusiones/yerba-mate/yerba-mate-con-palo-rosamonte-1-kg/art_21031/
2026-09-28T09:15:43,Kilbel,21775,Yerba mate suave Aguantadora 1 Kg,4830.0,4830.0,,,3991.74,,https://www.kilbelonline.com/almacen/infusiones/yerba-mate/yerba-mate-suave-aguantadora-1-kg/art_21775/
2026-09-28T09:15:43,Kilbel,20326,Yerba mate sabor suave Rosamonte 1 Kg,5100.0,5100.0,,,4214.88,,https://www.kilbelonline.com/almacen/infusiones/yerba-mate/yerba-mate-sabor-suave-rosamonte-1-kg/art_20326/
2026-09-28T09:15:43,Kilbel,24110,Yerba mate 4 flex con palo Taragüi 500 Gr,2700.0,5400.0,,,2231.4,,https://www.kilbelonline.com/almacen/infusiones/yerba-mate/yerba-mate-4-flex-con-palo-taraguei-500-gr/art_24110/
2026-09-28T09:15:43,Kilbel,24193,Yerba mate selección Nobleza Gaucha 1 Kg,4350.0,4350.0,,,3595.04,,https://www.kilbelonline.com/almacen/infusiones/yerba-mate/yerba-mate-seleccion-nobleza-gaucha-1-kg/art_24193/
2026-09-28T09:15:43,Kilbel,22012,Yerba mate campo La Merced 500 Gr,5730.0,11460.0,,,4735.54,,https://www.kilbelonline.com/almacen/infusiones/yerba-mate/yerba-mate-campo-la-merced-500-gr/art_22012/
2026-09-28T09:15:43,Kilbel,23941,Yerba mate selección Nobleza Gaucha 500 Gr,2290.0,4580.0,,,1892.56,,https://www.kilbelonline.com/almacen/infusiones/yerba-mate/yerba-mate-seleccion-nobleza-gaucha-500-gr/art_23941/
2026-09-28T09:15:43,Kilbel,25382,Yerba mate campo-sur La Merced 500 Gr,5730.0,11460.0,,,4735.54,,https://www.kilbelonline.com/almacen/infusiones/yerba-mate/yerba-mate-campo-sur-la-merced-500-gr/art_25382/
2026-09-28T09:15:43,Kilbel,20002,Yerba mate con hierbas serranas Piper Pol 500 Gr,1880.0,3760.0,,,1553.72,,https://www.kilbelonline.com/almacen/infusiones/yerba-mate/yerba-mate-con-hierbas-serranas-piper-pol-500-gr/art_20002/
2026-09-28T09:15:43,Kilbel,19906,Yerba mate silueta Cbse 500 Gr,2198.0,4396.0,,,1816.53,,https://www.kilbelonline.com/almacen/infusiones/yerba-mate/yerba-mate-silueta-cbse-500-gr/art_19906/
2026-09-28T09:15:43,Kilbel,20569,Yerba mate endulzada con stevia Cbse 500 Gr,2198.0,4396.0,,,1816.53,,https://www.kilbelonline.com/almacen/infusiones/yerba-mate/yerba-mate-endulzada-con-stevia-cbse-500-gr/art_20569/
2026-09-28T09:15:43,Kilbel,20570,Yerba mate regulase Cbse 500 Gr,2198.0,4396.0,,,1816.53,,https://www.kilbelonline.com/almacen/infusiones/yerba-mate/yerba-mate-regulase-cbse-500-gr/art_20570/
2026-09-28T09:15:43,Kilbel,23255,Yerba mate plus Rosamonte 500 Gr,2560.0,5120.0,,,2115.7,,https://www.kilbelonline.com/almacen/infusiones/yerba-mate/yerba-mate-plus-rosamonte-500-gr/art_23255/
2026-09-28T09:15:43,Kilbel,27329,Yerba mate serena Canarias 500 Gr,7820.0,15640.0,,,6462.81,,https://www.kilbelonline.com/almacen/infusiones/yerba-mate/yerba-mate-serena-canarias-500-gr/art_27329/
2026-09-28T09:15:43,Kilbel,20770,Yerba mate silueta con naranja Cbse 500 Gr,2198.0,4396.0,,,1816.53,,https://www.kilbelonline.com/almacen/infusiones/yerba-mate/yerba-mate-silueta-con-naranja-cbse-500-gr/art_20770/
2026-09-28T09:15:43,Kilbel,20886,Yerba mate energía guaraná Cbse 500 Gr,2198.0,4396.0,,,1816.53,,https://www.kilbelonline.com/almacen/infusiones/yerba-mate/yerba-mate-energia-guarana-cbse-500-gr/art_20886/
2026-09-28T09:15:43,Kilbel,19643,Yerba mate sabor suave Rosamonte 500 Gr,2660.0,5320.0,,,2198.35,,https://www.kilbelonline.com/almacen/infusiones/yerba-mate/yerba-mate-sabor-suave-rosamonte-500-gr/art_19643/
2026-09-28T09:15:43,Kilbel,21033,Yerba mate con palo Rosamonte 500 Gr,2300.0,4600.0,,,1900.83,,https://www.kilbelonline.com/almacen/infusiones/yerba-mate/yerba-mate-con-palo-rosamonte-500-gr/art_21033/
2026-09-28T09:15:43,Kilbel,21260,Yerba mate con palo Liebig 500 Gr,3430.0,6860.0,,,2834.71,,https://www.kilbelonline.com/almacen/infusiones/yerba-mate/yerba-mate-con-palo-liebig-500-gr/art_21260/
2026-09-28T09:15:43,Kilbel,26583,Yerba mate orgánica Amanda 500 Gr,3580.0,7160.0,,,2958.68,,https://www.kilbelonline.com/almacen/infusiones/yerba-mate/yerba-mate-organica-amanda-500-gr/art_26583/
2026-09-28T09:15:43,Kilbel,21324,Yerba mate con hierbas cuyanas Cbse 500 Gr,2198.0,4396.0,,,1816.53,,https://www.kilbelonline.com/almacen/infusiones/yerba-mate/yerba-mate-con-hierbas-cuyanas-cbse-500-gr/art_21324/
2026-09-28T09:15:43,Kilbel,26169,Yerba mate tereré Playadito 500 Gr,2811.0,5622.76,,,2323.45,,https://www.kilbelonline.com/almacen/infusiones/yerba-mate/yerba-mate-terere-playadito-500-gr/art_26169/
2026-09-28T09:15:43,Kilbel,25161,Yerba mate sabor limón Cbse 500 Gr,2198.0,4396.0,,,1816.53,,https://www.kilbelonline.com/almacen/infusiones/yerba-mate/yerba-mate-sabor-limon-cbse-500-gr/art_25161/
2026-09-28T09:15:43,Kilbel,25080,Yerba mate con palo Romance 1 Kg,1282.0,1282.0,,,1059.5,,https://www.kilbelonline.com/almacen/infusiones/yerba-mate/yerba-mate-con-palo-romance-1-kg/art_25080/
2026-09-28T09:15:43,Kilbel,24642,Yerba mate sabor jengibre Cbse 500 Gr,2198.0,4396.0,,,1816.53,,https://www.kilbelonline.com/almacen/infusiones/yerba-mate/yerba-mate-sabor-jengibre-cbse-500-gr/art_24642/
2026-09-28T09:15:43,Kilbel,21991,Yerba mate sabor frutos del bosque Cbse 500 Gr,2198.0,4396.0,,,1816.53,,https://www.kilbelonline.com/almacen/infusiones/yerba-mate/yerba-mate-sabor-frutos-del-bosque-cbse-500-gr/art_21991/
2026-09-28T09:15:43,Kilbel,23927,Yerba mate suave Piporé 1 Kg,5100.0,5100.0,,,4214.88,,https://www.kilbelonline.com/almacen/infusiones/yerba-mate/yerba-mate-suave-pipore-1-kg/art_23927/
2026-09-28T09:15:43,Kilbel,22762,Yerba mate campo-monte La Merced 500 Gr,5730.0,11460.0,,,4735.54,,https://www.kilbelonline.com/almacen/infusiones/yerba-mate/yerba-mate-campo-monte-la-merced-500-gr/art_22762/
2026-09-28T09:15:43,Kilbel,23427,Yerba mate con palo - lata Playadito 500 Gr,13413.0,26827.56,,,11085.77,,https://www.kilbelonline.com/almacen/infusiones/yerba-mate/yerba-mate-con-palo-lata-playadito-500-gr/art_23427/
2026-09-28T09:15:43,Kilbel,21113,Azúcar - bolsa Kiki 1 Kg,1290.0,1290.0,,,1066.12,,https://www.kilbelonline.com/almacen/endulzantes/azucar/azucar-bolsa-kiki-1-kg/art_21113/
2026-09-28T09:15:43,Kilbel,25321,Azucar - paq. Chango 1 Kg,1790.0,1790.0,,,1479.34,,https://www.kilbelonline.com/almacen/endulzantes/azucar/azucar-paq-chango-1-kg/art_25321/
2026-09-28T09:15:43,Kilbel,21720,Azúcar premium Chango 1 Kg,1950.0,1950.0,,,1611.57,,https://www.kilbelonline.com/almacen/endulzantes/azucar/azucar-premium-chango-1-kg/art_21720/
2026-09-28T09:15:43,Kilbel,20427,Azúcar orgánica - bolsa Chango 1 Kg,5700.0,5700.0,,,4710.74,,https://www.kilbelonline.com/almacen/endulzantes/azucar/azucar-organica-bolsa-chango-1-kg/art_20427/
2026-09-28T09:15:43,Kilbel,21141,Azúcar - sobre Chango 500 Gr,5290.0,10580.0,,,4371.9,,https://www.kilbelonline.com/almacen/endulzantes/azucar/azucar-sobre-chango-500-gr/art_21141/
2026-09-28T09:15:43,Kilbel,24783,Azúcar orgánico rubio tipo mascabo Brotes 600 Gr,6390.0,10650.0,,,5280.99,,https://www.kilbelonline.com/almacen/endulzantes/azucar/azucar-organico-rubio-tipo-mascabo-brotes-600-gr/art_24783/
2026-09-28T09:15:43,Kilbel,27207,Azúcar - paquete Fronterita 1 Kg,1198.0,1198.0,,,990.08,,https://www.kilbelonline.com/almacen/endulzantes/azucar/azucar-paquete-fronterita-1-kg/art_27207/
2026-09-28T09:15:43,Kilbel,21187,Aceite oliva virgen extra original Zuelo 500 Ml,17600.0,31680.0,,,13090.91,,https://www.kilbelonline.com/almacen/aceites-vinagres-y-aderezos/aceites-y-grasas/aceite-oliva-virgen-extra-original-zuelo-500-ml/art_21187/
2026-09-28T09:15:43,Kilbel,21188,Aceite oliva virgen extra intenso Zuelo 500 Ml,17600.0,31680.0,,,13090.91,,https://www.kilbelonline.com/almacen/aceites-vinagres-y-aderezos/aceites-y-grasas/aceite-oliva-virgen-extra-intenso-zuelo-500-ml/art_21188/
2026-09-28T09:15:43,Kilbel,21240,Aceite oliva virgen extra intenso Seis Marias 500 Ml,16000.0,30400.0,,,12561.98,,https://www.kilbelonline.com/almacen/aceites-vinagres-y-aderezos/aceites-y-grasas/aceite-oliva-virgen-extra-intenso-seis-marias-500-ml/art_21240/
2026-09-28T09:15:43,Kilbel,20661,Aceite oliva virgen extra medio Seis Marias 500 Ml,15600.0,29640.0,,,12247.93,,https://www.kilbelonline.com/almacen/aceites-vinagres-y-aderezos/aceites-y-grasas/aceite-oliva-virgen-extra-medio-seis-marias-500-ml/art_20661/
2026-09-28T09:15:43,Kilbel,23687,Aceite oliva virgen extra arauco Zuccardi 500 Ml,31500.0,59850.0,,,24731.4,,https://www.kilbelonline.com/almacen/aceites-vinagres-y-aderezos/aceites-y-grasas/aceite-oliva-virgen-extra-arauco-zuccardi-500-ml/art_23687/
2026-09-28T09:15:43,Kilbel,27431,Aceite oliva virgen extra organico Zuelo 500 Ml,17600.0,31680.0,,,13090.91,,https://www.kilbelonline.com/almacen/aceites-vinagres-y-aderezos/aceites-y-grasas/aceite-oliva-virgen-extra-organico-zuelo-500-ml/art_27431/
2026-09-28T09:15:43,Kilbel,27359,Aceite oliva suave Zuelo 500 Ml,17600.0,31680.0,,,13090.91,,https://www.kilbelonline.com/almacen/aceites-vinagres-y-aderezos/aceites-y-grasas/aceite-oliva-suave-zuelo-500-ml/art_27359/
2026-09-28T09:15:43,Kilbel,29202,Aceite oliva virgen Zuelo 250 Ml,10100.0,3636.0,,,7512.4,,https://www.kilbelonline.com/almacen/aceites-vinagres-y-aderezos/aceites-y-grasas/aceite-oliva-virgen-zuelo-250-ml/art_29202/
2026-09-28T09:15:43,Kilbel,29559,Aceite de sesamo puro - bot. Kadoya 163 Ml,21100.0,11650.31,,,15694.21,,https://www.kilbelonline.com/almacen/aceites-vinagres-y-aderezos/aceites-y-grasas/aceite-de-sesamo-puro-bot-kadoya-163-ml/art_29559/
2026-09-28T09:15:43,Kilbel,22143,Aceite uva - botella Olivi 500 Ml,9400.0,16920.0,,,6991.74,,https://www.kilbelonline.com/almacen/aceites-vinagres-y-aderezos/aceites-y-grasas/aceite-uva-botella-olivi-500-ml/art_22143/
2026-09-28T09:15:43,Kilbel,28860,Aceite de oliva - botella Olei & Co. 500 Ml,15200.0,30400.0,,,12561.98,,https://www.kilbelonline.com/almacen/aceites-vinagres-y-aderezos/aceites-y-grasas/aceite-de-oliva-botella-olei-co-500-ml/art_28860/
2026-09-28T09:15:43,Kilbel,20714,Aceite girasol Natura 900 Ml,5100.0,5666.67,,,4214.88,,https://www.kilbelonline.com/almacen/aceites-vinagres-y-aderezos/aceites-y-grasas/aceite-girasol-natura-900-ml/art_20714/
2026-09-28T09:15:43,Kilbel,20616,Aceite girasol Cocinero 1.5 Lt,7390.0,4926.67,,,6107.44,,https://www.kilbelonline.com/almacen/aceites-vinagres-y-aderezos/aceites-y-grasas/aceite-girasol-cocinero-1-5-lt/art_20616/
2026-09-28T09:15:43,Kilbel,22101,Aceite blend girasol y oliva - botella Natura 900 Ml,7120.0,7911.11,,,5884.3,,https://www.kilbelonline.com/almacen/aceites-vinagres-y-aderezos/aceites-y-grasas/aceite-blend-girasol-y-oliva-botella-natura-900-ml/art_22101/
2026-09-28T09:15:43,Kilbel,20576,Aceite girasol Cocinero 900 Ml,4660.0,5177.78,,,3851.24,,https://www.kilbelonline.com/almacen/aceites-vinagres-y-aderezos/aceites-y-grasas/aceite-girasol-cocinero-900-ml/art_20576/
2026-09-28T09:15:43,Kilbel,24903,Aceite girasol Natura 3 Lt,15790.0,5263.33,,,13049.59,,https://www.kilbelonline.com/almacen/aceites-vinagres-y-aderezos/aceites-y-grasas/aceite-girasol-natura-3-lt/art_24903/
2026-09-28T09:15:43,Kilbel,19888,Aceite girasol Cañuelas 900 Ml,4790.0,5322.22,,,3958.68,,https://www.kilbelonline.com/almacen/aceites-vinagres-y-aderezos/aceites-y-grasas/aceite-girasol-canuelas-900-ml/art_19888/
2026-09-28T09:15:43,Kilbel,24901,Aceite girasol Alsamar 1.5 Lt,5990.0,3993.33,,,4950.41,,https://www.kilbelonline.com/almacen/aceites-vinagres-y-aderezos/aceites-y-grasas/aceite-girasol-alsamar-1-5-lt/art_24901/
2026-09-28T09:15:43,Kilbel,20133,Aceite oliva extra virgen - lata Yancanelo 1 Lt,28790.0,28790.0,,,23793.39,,https://www.kilbelonline.com/almacen/aceites-vinagres-y-aderezos/aceites-y-grasas/aceite-oliva-extra-virgen-lata-yancanelo-1-lt/art_20133/
2026-09-28T09:15:43,Kilbel,23688,Aceite oliva virgen extra picual Zuccardi 500 Ml,20500.0,41000.0,,,16942.15,,https://www.kilbelonline.com/almacen/aceites-vinagres-y-aderezos/aceites-y-grasas/aceite-oliva-virgen-extra-picual-zuccardi-500-ml/art_23688/
2026-09-28T09:15:43,Kilbel,23911,Aceite oliva virgen extra genovesa Zuccardi 500 Ml,20500.0,41000.0,,,16942.15,,https://www.kilbelonline.com/almacen/aceites-vinagres-y-aderezos/aceites-y-grasas/aceite-oliva-virgen-extra-genovesa-zuccardi-500-ml/art_23911/
2026-09-28T09:15:43,Kilbel,24643,Aceite maíz Lira 900 Ml,6160.0,6844.44,,,5090.91,,https://www.kilbelonline.com/almacen/aceites-vinagres-y-aderezos/aceites-y-grasas/aceite-maiz-lira-900-ml/art_24643/
2026-09-28T09:15:43,Kilbel,24900,Aceite girasol Alsamar 3 Lt,12796.0,4265.56,,,10575.77,,https://www.kilbelonline.com/almacen/aceites-vinagres-y-aderezos/aceites-y-grasas/aceite-girasol-alsamar-3-lt/art_24900/
2026-09-28T09:15:43,Kilbel,21183,Aceite girasol y oliva Copisi 900 Ml,6250.0,6944.44,,,5165.29,,https://www.kilbelonline.com/almacen/aceites-vinagres-y-aderezos/aceites-y-grasas/aceite-girasol-y-oliva-copisi-900-ml/art_21183/
2026-09-28T09:15:43,Kilbel,24905,Aceite maíz Arcor 890 Ml,6490.0,7292.13,,,5363.64,,https://www.kilbelonline.com/almacen/aceites-vinagres-y-aderezos/aceites-y-grasas/aceite-maiz-arcor-890-ml/art_24905/
2026-09-28T09:15:43,Kilbel,20282,Aceite oliva extra virgen - lata Yancanelo 500 Ml,16390.0,32780.0,,,13545.45,,https://www.kilbelonline.com/almacen/aceites-vinagres-y-aderezos/aceites-y-grasas/aceite-oliva-extra-virgen-lata-yancanelo-500-ml/art_20282/
2026-09-28T09:15:43,Kilbel,25613,Aceite oliva Seis Marias 500 Ml,10800.0,21600.0,,,8925.62,,https://www.kilbelonline.com/almacen/aceites-vinagres-y-aderezos/aceites-y-grasas/aceite-oliva-seis-marias-500-ml/art_25613/
2026-09-28T09:15:43,Kilbel,27178,Aceite girasol Legítimo 900 Ml,4150.0,4611.11,,,3429.75,,https://www.kilbelonline.com/almacen/aceites-vinagres-y-aderezos/aceites-y-grasas/aceite-girasol-legitimo-900-ml/art_27178/
2026-09-28T09:15:43,Kilbel,27177,Aceite girasol Legítimo 1.5 Lt,6740.0,4493.33,,,5570.25,,https://www.kilbelonline.com/almacen/aceites-vinagres-y-aderezos/aceites-y-grasas/aceite-girasol-legitimo-1-5-lt/art_27177/
2026-09-28T09:15:43,Kilbel,21012,Aceite oliva virgen extra - botella Cocinero 500 Ml,11995.0,23990.0,,,9913.22,,https://www.kilbelonline.com/almacen/aceites-vinagres-y-aderezos/aceites-y-grasas/aceite-oliva-virgen-extra-botella-cocinero-500-ml/art_21012/
2026-09-28T09:15:43,Kilbel,24906,Rocío vegetal - aerosol Fritolim 120 Gr,4139.0,3449.17,,,3420.66,,https://www.kilbelonline.com/almacen/aceites-vinagres-y-aderezos/aceites-y-grasas/rocio-vegetal-aerosol-fritolim-120-gr/art_24906/
2026-09-28T09:15:43,Kilbel,27174,Aceite girasol Cañuelas 1.5 Lt,7490.0,4993.33,,,6190.08,,https://www.kilbelonline.com/almacen/aceites-vinagres-y-aderezos/aceites-y-grasas/aceite-girasol-canuelas-1-5-lt/art_27174/
2026-09-28T09:15:43,Kilbel,20031,Rocío vegetal - aerosol Natura 120 Gr,4950.0,4125.0,,,4090.91,,https://www.kilbelonline.com/almacen/aceites-vinagres-y-aderezos/aceites-y-grasas/rocio-vegetal-aerosol-natura-120-gr/art_20031/
2026-09-28T09:15:43,Kilbel,28826,Aceite girasol Legítimo 3 Lt,13790.0,4596.67,,,11396.69,,https://www.kilbelonline.com/almacen/aceites-vinagres-y-aderezos/aceites-y-grasas/aceite-girasol-legitimo-3-lt/art_28826/
2026-09-28T09:15:43,Kilbel,28091,Aceite oliva virgen Cocinero 500 Ml,10150.0,20300.0,,,8388.43,,https://www.kilbelonline.com/almacen/aceites-vinagres-y-aderezos/aceites-y-grasas/aceite-oliva-virgen-cocinero-500-ml/art_28091/
2026-09-28T09:15:43,Kilbel,26398,Aceite oliva virgen extra medio - pet Seis Marias 1 Lt,24900.0,24900.0,,,20578.51,,https://www.kilbelonline.com/almacen/aceites-vinagres-y-aderezos/aceites-y-grasas/aceite-oliva-virgen-extra-medio-pet-seis-marias-1-lt/art_26398/
2026-09-28T09:15:43,Kilbel,24907,Grasa bovina Ursella 1 Kg,6990.0,6990.0,,,5776.86,,https://www.kilbelonline.com/almacen/aceites-vinagres-y-aderezos/aceites-y-grasas/grasa-bovina-ursella-1-kg/art_24907/
2026-09-28T09:15:43,Kilbel,27184,Aceite de maíz Mazola 900 Ml,5565.0,6183.33,,,4599.17,,https://www.kilbelonline.com/almacen/aceites-vinagres-y-aderezos/aceites-y-grasas/aceite-de-maiz-mazola-900-ml/art_27184/
2026-09-28T09:15:43,Kilbel,25434,Rocio vegetal maíz - aerosol Mazola 126 Cm3,5745.0,4559.52,,,4747.93,,https://www.kilbelonline.com/almacen/aceites-vinagres-y-aderezos/aceites-y-grasas/rocio-vegetal-maiz-aerosol-mazola-126-cm3/art_25434/
2026-09-28T09:15:43,Kilbel,25014,Rocio vegetal oliva - aerosol Fritolim 120 Gr,5140.0,4283.33,,,4247.93,,https://www.kilbelonline.com/almacen/aceites-vinagres-y-aderezos/aceites-y-grasas/rocio-vegetal-oliva-aerosol-fritolim-120-gr/art_25014/
2026-09-28T09:15:43,Kilbel,26921,Aceite oliva virgen extra medio - botella Seis Marias 250 Ml,9340.0,3736.0,,,7719.01,,https://www.kilbelonline.com/almacen/aceites-vinagres-y-aderezos/aceites-y-grasas/aceite-oliva-virgen-extra-medio-botella-seis-marias-250-ml/art_26921/
2026-09-28T09:15:43,Kilbel,27446,Aceite oliva coratina Zuccardi 500 Ml,20500.0,41000.0,,,16942.15,,https://www.kilbelonline.com/almacen/aceites-vinagres-y-aderezos/aceites-y-grasas/aceite-oliva-coratina-zuccardi-500-ml/art_27446/
2026-09-28T09:15:43,Kilbel,19823,Grasa porcina Ursella 500 Gr,3040.0,6080.0,,,2512.4,,https://www.kilbelonline.com/almacen/aceites-vinagres-y-aderezos/aceites-y-grasas/grasa-porcina-ursella-500-gr/art_19823/
2026-09-28T09:15:43,Kilbel,28859,Aceite de oliva jarra Olei & Co. 500 Ml,24000.0,48000.0,,,19834.71,,https://www.kilbelonline.com/almacen/aceites-vinagres-y-aderezos/aceites-y-grasas/aceite-de-oliva-jarra-olei-co-500-ml/art_28859/
2026-09-28T09:15:43,Kilbel,28387,Aceite girasol Legítimo 5 Lt,22770.0,4554.0,,,18818.18,,https://www.kilbelonline.com/almacen/aceites-vinagres-y-aderezos/aceites-y-grasas/aceite-girasol-legitimo-5-lt/art_28387/
2026-09-28T09:15:43,Kilbel,28385,Aceite mezcla Golden Chef 900 Ml,2990.0,3322.22,,,2471.07,,https://www.kilbelonline.com/almacen/aceites-vinagres-y-aderezos/aceites-y-grasas/aceite-mezcla-golden-chef-900-ml/art_28385/
2026-09-28T09:15:43,Kilbel,27427,Aceite girasol Cañuelas 5 Lt,25660.0,5132.0,,,21206.61,,https://www.kilbelonline.com/almacen/aceites-vinagres-y-aderezos/aceites-y-grasas/aceite-girasol-canuelas-5-lt/art_27427/
2026-09-28T09:15:43,Kilbel,27209,Aceite mezcla Siglo De Oro 900 Ml,2990.0,3322.22,,,2471.07,,https://www.kilbelonline.com/almacen/aceites-vinagres-y-aderezos/aceites-y-grasas/aceite-mezcla-siglo-de-oro-900-ml/art_27209/
2026-09-28T09:15:43,Kilbel,26833,Aceite oliva virgen extra medio - bidón Seis Marias 2 Lt,47500.0,23750.0,,,39256.2,,https://www.kilbelonline.com/almacen/aceites-vinagres-y-aderezos/aceites-y-grasas/aceite-oliva-virgen-extra-medio-bidon-seis-marias-2-lt/art_26833/
2026-09-28T09:15:43,Kilbel,22214,Rocio vegetal oliva - aerosol Natura 120 Gr,6605.0,5504.17,,,5458.68,,https://www.kilbelonline.com/almacen/aceites-vinagres-y-aderezos/aceites-y-grasas/rocio-vegetal-oliva-aerosol-natura-120-gr/art_22214/
2026-09-28T09:15:43,Kilbel,23638,Leche larga vida descremada zero lactosa - botella La Serenisima 1 Lt,2980.0,2533.0,,,2533.0,,https://www.kilbelonline.com/lacteos/leches/leche-larga-vida-descremada-zero-lactosa-botella-la-serenisima-1-lt/art_23638/
2026-09-28T09:15:43,Kilbel,23034,Leche larga vida reducida en lactosa - tetra Ilolay 1 Lt,2580.0,2193.0,,,2193.0,,https://www.kilbelonline.com/lacteos/leches/leche-larga-vida-reducida-en-lactosa-tetra-ilolay-1-lt/art_23034/
2026-09-28T09:15:43,Kilbel,19869,Leche larga vida descremada - tetra Ilolay 1 Lt,2100.0,1890.0,,,1890.0,,https://www.kilbelonline.com/lacteos/leches/leche-larga-vida-descremada-tetra-ilolay-1-lt/art_19869/
2026-09-28T09:15:43,Kilbel,19536,Leche larga vida entera - tetra Ilolay 1 Lt,2100.0,1890.0,,,1890.0,,https://www.kilbelonline.com/lacteos/leches/leche-larga-vida-entera-tetra-ilolay-1-lt/art_19536/
2026-09-28T09:15:43,Kilbel,21834,Leche larga vida descremada - tetra Tregar 1 Lt,1980.0,1881.0,,,1881.0,,https://www.kilbelonline.com/lacteos/leches/leche-larga-vida-descremada-tetra-tregar-1-lt/art_21834/
2026-09-28T09:15:43,Kilbel,21835,Leche larga vida entera - tetra Tregar 1 Lt,1980.0,1881.0,,,1881.0,,https://www.kilbelonline.com/lacteos/leches/leche-larga-vida-entera-tetra-tregar-1-lt/art_21835/
2026-09-28T09:15:43,Kilbel,23715,Leche larga vida 0% - tetra Tregar 1 Lt,1980.0,1881.0,,,1881.0,,https://www.kilbelonline.com/lacteos/leches/leche-larga-vida-0-tetra-tregar-1-lt/art_23715/
2026-09-28T09:15:43,Kilbel,26243,Leche larga vida protein La Serenisima 1 Lt,2980.0,2533.0,,,2533.0,,https://www.kilbelonline.com/lacteos/leches/leche-larga-vida-protein-la-serenisima-1-lt/art_26243/
2026-09-28T09:15:43,Kilbel,29660,Leche larga vida proteina - tetra Ilolay 1 Lt,2580.0,2193.0,,,2193.0,,https://www.kilbelonline.com/lacteos/leches/leche-larga-vida-proteina-tetra-ilolay-1-lt/art_29660/
2026-09-28T09:15:43,Kilbel,29203,Leche larga vida 0% lactosa - tetra Las Tres Niñas 1 Lt,2480.0,2232.0,,,2232.0,,https://www.kilbelonline.com/lacteos/leches/leche-larga-vida-0-lactosa-tetra-las-tres-ninas-1-lt/art_29203/
2026-09-28T09:15:43,Kilbel,27179,Leche entera - sachet Ramolac 1 Lt,1760.0,1584.0,,,1584.0,,https://www.kilbelonline.com/lacteos/leches/leche-entera-sachet-ramolac-1-lt/art_27179/
2026-09-28T09:15:43,Kilbel,26877,Leche larga vida barista - botella La Serenisima 1 Lt,2980.0,2682.0,,,2682.0,,https://www.kilbelonline.com/lacteos/leches/leche-larga-vida-barista-botella-la-serenisima-1-lt/art_26877/
2026-09-28T09:15:43,Kilbel,27180,Leche descremada - sachet Ramolac 1 Lt,1760.0,1584.0,,,1584.0,,https://www.kilbelonline.com/lacteos/leches/leche-descremada-sachet-ramolac-1-lt/art_27180/
2026-09-28T09:15:43,Kilbel,23689,Leche polvo instantánea descremada 30x5gr sobres Purisima 150 Gr,5680.0,3408.0,,,4224.79,,https://www.kilbelonline.com/lacteos/leches/leche-polvo-instantanea-descremada-30x5gr-sobres-purisima-150-gr/art_23689/
2026-09-28T09:15:43,Kilbel,26156,Leche larga vida con prebióticos La Serenisima 1 Lt,2980.0,2682.0,,,2682.0,,https://www.kilbelonline.com/lacteos/leches/leche-larga-vida-con-prebioticos-la-serenisima-1-lt/art_26156/
2026-09-28T09:15:43,Kilbel,26089,Leche chocolatada Nesquik 200 Ml,1540.0,693.0,,,1145.45,,https://www.kilbelonline.com/lacteos/leches/leche-chocolatada-nesquik-200-ml/art_26089/
2026-09-28T09:15:43,Kilbel,29204,Leche larga vida con proteina - tetra Las Tres Niñas 1 Lt,2480.0,2232.0,,,2232.0,,https://www.kilbelonline.com/lacteos/leches/leche-larga-vida-con-proteina-tetra-las-tres-ninas-1-lt/art_29204/
2026-09-28T09:15:43,Kilbel,26785,Leche polvo instantánea extra calcio - bolsa Svelty 750 Gr,15300.0,18360.0,,,11380.17,,https://www.kilbelonline.com/lacteos/leches/leche-polvo-instantanea-extra-calcio-bolsa-svelty-750-gr/art_26785/
2026-09-28T09:15:43,Kilbel,25402,Leche modificada polvo infantíl - caja Purisima 800 Gr,11700.0,13162.5,,,8702.48,,https://www.kilbelonline.com/lacteos/leches/leche-modificada-polvo-infantil-caja-purisima-800-gr/art_25402/
2026-09-28T09:15:43,Kilbel,24624,Leche polvo organica - lata Svelty 370 Gr,9000.0,21891.89,,,6694.21,,https://www.kilbelonline.com/lacteos/leches/leche-polvo-organica-lata-svelty-370-gr/art_24624/
2026-09-28T09:15:43,Kilbel,23513,Leche polvo instantánea 0% - pouch Purisima 800 Gr,13140.0,14782.5,,,9773.55,,https://www.kilbelonline.com/lacteos/leches/leche-polvo-instantanea-0-pouch-purisima-800-gr/art_23513/
2026-09-28T09:15:43,Kilbel,23510,Leche polvo instantánea entera - caja Purisima 800 Gr,13050.0,14681.25,,,9706.61,,https://www.kilbelonline.com/lacteos/leches/leche-polvo-instantanea-entera-caja-purisima-800-gr/art_23510/
2026-09-28T09:15:43,Kilbel,21552,Leche polvo forti grow Nido 750 Gr,15000.0,19000.0,,,11776.86,,https://www.kilbelonline.com/lacteos/leches/leche-polvo-forti-grow-nido-750-gr/art_21552/
2026-09-28T09:15:43,Kilbel,23511,Leche polvo 0% lactosa - caja Purisima 400 Gr,7220.0,17147.5,,,5668.6,,https://www.kilbelonline.com/lacteos/leches/leche-polvo-0-lactosa-caja-purisima-400-gr/art_23511/
2026-09-28T09:15:43,Kilbel,22709,Leche larga vida clásica 3% - tetra La Serenisima 1 Lt,2198.0,2198.0,,,2198.0,,https://www.kilbelonline.com/lacteos/leches/leche-larga-vida-clasica-3-tetra-la-serenisima-1-lt/art_22709/
2026-09-28T09:15:43,Kilbel,22754,Leche larga vida 0% lactosa - tetra Tregar 1 Lt,2570.0,2570.0,,,2570.0,,https://www.kilbelonline.com/lacteos/leches/leche-larga-vida-0-lactosa-tetra-tregar-1-lt/art_22754/
2026-09-28T09:15:43,Kilbel,19866,Leche chocolatada Ilolay Kids 1 Lt,3520.0,3520.0,,,2909.09,,https://www.kilbelonline.com/lacteos/leches/leche-chocolatada-ilolay-kids-1-lt/art_19866/
2026-09-28T09:15:43,Kilbel,23447,Leche chocolatada Tregar 1 Lt,3830.0,3830.0,,,3165.29,,https://www.kilbelonline.com/lacteos/leches/leche-chocolatada-tregar-1-lt/art_23447/
2026-09-28T09:15:43,Kilbel,22710,Leche larga vida liviana 1% - tetra La Serenisima 1 Lt,2198.0,2198.0,,,2198.0,,https://www.kilbelonline.com/lacteos/leches/leche-larga-vida-liviana-1-tetra-la-serenisima-1-lt/art_22710/
2026-09-28T09:15:43,Kilbel,22645,Leche chocolatada Tregar 200 Ml,1495.0,747.5,,,1235.54,,https://www.kilbelonline.com/lacteos/leches/leche-chocolatada-tregar-200-ml/art_22645/
2026-09-28T09:15:43,Kilbel,22527,Leche chocolatada Ilolay Kids 200 Ml,1550.0,775.0,,,1280.99,,https://www.kilbelonline.com/lacteos/leches/leche-chocolatada-ilolay-kids-200-ml/art_22527/
2026-09-28T09:15:43,Kilbel,27635,Leche larga vida descremada - tetra pack Apostoles 1 Lt,1790.0,1790.0,,,1790.0,,https://www.kilbelonline.com/lacteos/leches/leche-larga-vida-descremada-tetra-pack-apostoles-1-lt/art_27635/
2026-09-28T09:15:43,Kilbel,27634,Leche larga vida liviana 2% - tetra Apostoles 1 Lt,1790.0,1790.0,,,1790.0,,https://www.kilbelonline.com/lacteos/leches/leche-larga-vida-liviana-2-tetra-apostoles-1-lt/art_27634/
2026-09-28T09:15:43,Kilbel,22708,Leche clásica 3% - sachet La Serenisima 1 Lt,2070.0,2070.0,,,2070.0,,https://www.kilbelonline.com/lacteos/leches/leche-clasica-3-sachet-la-serenisima-1-lt/art_22708/
2026-09-28T09:15:43,Kilbel,27466,Leche polvo instantánea 0% - pouch Purisima 400 Gr,5990.0,14975.0,,,4950.41,,https://www.kilbelonline.com/lacteos/leches/leche-polvo-instantanea-0-pouch-purisima-400-gr/art_27466/
2026-09-28T09:15:43,Kilbel,26966,Leche liviana 1% - sachet La Serenisima 1 Lt,2070.0,2070.0,,,2070.0,,https://www.kilbelonline.com/lacteos/leches/leche-liviana-1-sachet-la-serenisima-1-lt/art_26966/
2026-09-28T09:15:43,Kilbel,29610,Leche latte proteina Ilolay 200 Cm3,1850.0,925.0,,,1528.93,,https://www.kilbelonline.com/lacteos/leches/leche-latte-proteina-ilolay-200-cm3/art_29610/
2026-09-28T09:15:43,Kilbel,19868,Leche polvo instantánea descremada - caja Ilolay 800 Gr,15340.0,19175.0,,,12677.69,,https://www.kilbelonline.com/lacteos/leches/leche-polvo-instantanea-descremada-caja-ilolay-800-gr/art_19868/
2026-09-28T09:15:43,Kilbel,23694,Leche polvo instantánea entera - pouch Purisima 400 Gr,5990.0,14975.0,,,4950.41,,https://www.kilbelonline.com/lacteos/leches/leche-polvo-instantanea-entera-pouch-purisima-400-gr/art_23694/
2026-09-28T09:15:43,Kilbel,28031,Formula lactea polvo 1 - lata Nidina 800 Gr,23750.0,29687.5,,,19628.1,,https://www.kilbelonline.com/lacteos/leches/formula-lactea-polvo-1-lata-nidina-800-gr/art_28031/
2026-09-28T09:15:43,Kilbel,20532,Leche modificada polvo instantánea entera - bolsa La Lechera 800 Gr,12600.0,15750.0,,,10413.22,,https://www.kilbelonline.com/lacteos/leches/leche-modificada-polvo-instantanea-entera-bolsa-la-lechera-800-gr/art_20532/
2026-09-28T09:15:43,Kilbel,23864,Leche polvo entera zero lactosa - caja La Serenisima 400 Gr,9970.0,24925.0,,,8239.67,,https://www.kilbelonline.com/lacteos/leches/leche-polvo-entera-zero-lactosa-caja-la-serenisima-400-gr/art_23864/
2026-09-28T09:15:43,Kilbel,28153,Leche polvo 0% grasa zero lactosa La Serenisima 400 Gr,9970.0,24925.0,,,8239.67,,https://www.kilbelonline.com/lacteos/leches/leche-polvo-0-grasa-zero-lactosa-la-serenisima-400-gr/art_28153/
2026-09-28T09:15:43,Kilbel,27469,Leche polvo instantánea move extra calcio - bolsa Svelty 370 Gr,7490.0,20243.24,,,6190.08,,https://www.kilbelonline.com/lacteos/leches/leche-polvo-instantanea-move-extra-calcio-bolsa-svelty-370-gr/art_27469/
2026-09-28T09:15:43,Kilbel,28333,Leche polvo instantánea entera - pouch Lheritier 200 Gr,4330.0,2165.0,,,3578.51,,https://www.kilbelonline.com/lacteos/leches/leche-polvo-instantanea-entera-pouch-lheritier-200-gr/art_28333/
2026-09-28T09:15:43,Kilbel,21824,Leche polvo instantánea descremada - caja Ilolay 400 Gr,8330.0,20825.0,,,6884.3,,https://www.kilbelonline.com/lacteos/leches/leche-polvo-instantanea-descremada-caja-ilolay-400-gr/art_21824/
2026-09-28T09:15:43,Kilbel,29611,Leche chocolatada proteinas - tetra Ilolay 200 Cm3,1850.0,925.0,,,1528.93,,https://www.kilbelonline.com/lacteos/leches/leche-chocolatada-proteinas-tetra-ilolay-200-cm3/art_29611/
2026-09-28T09:15:43,Kilbel,24625,Leche polvo 0% lactosa Nido 350 Gr,9235.0,26385.71,,,7632.23,,https://www.kilbelonline.com/lacteos/leches/leche-polvo-0-lactosa-nido-350-gr/art_24625/
2026-09-28T09:15:43,Kilbel,29603,Leche chocolatada - tetra Cindor 1 Lt,5500.0,5500.0,,,4545.45,,https://www.kilbelonline.com/lacteos/leches/leche-chocolatada-tetra-cindor-1-lt/art_29603/
2026-09-28T09:15:43,Kilbel,29602,Leche chocolatada - tetra Cindor 200 Cm3,2200.0,1100.0,,,1818.18,,https://www.kilbelonline.com/lacteos/leches/leche-chocolatada-tetra-cindor-200-cm3/art_29602/
2026-09-28T09:15:43,Kilbel,29481,Leche zero lactosa - sachet La Serenisima 1 Lt,2350.0,2350.0,,,2350.0,,https://www.kilbelonline.com/lacteos/leches/leche-zero-lactosa-sachet-la-serenisima-1-lt/art_29481/
2026-09-28T09:15:43,Kilbel,29480,Leche protein - sachet La Serenisima 1 Lt,2350.0,2350.0,,,2350.0,,https://www.kilbelonline.com/lacteos/leches/leche-protein-sachet-la-serenisima-1-lt/art_29480/
2026-09-28T09:15:43,Kilbel,29393,Leche condensada limon Nestlé 395 Gr,4550.0,11518.99,,,3760.33,,https://www.kilbelonline.com/lacteos/leches/leche-condensada-limon-nestle-395-gr/art_29393/
2026-09-28T09:15:43,Kilbel,29207,Leche chocolatada classic Nestlé 190 Ml,1850.0,973.68,,,1528.93,,https://www.kilbelonline.com/lacteos/leches/leche-chocolatada-classic-nestle-190-ml/art_29207/
2026-09-28T09:15:43,Kilbel,19905,Leche polvo instantánea descremada 30x5gr sobres Ilolay 150 Gr,7820.0,5213.33,,,6462.81,,https://www.kilbelonline.com/lacteos/leches/leche-polvo-instantanea-descremada-30x5gr-sobres-ilolay-150-gr/art_19905/
2026-09-28T09:15:43,Kilbel,20245,Leche condensada Nestlé 395 Gr,4550.0,11518.99,,,3760.33,,https://www.kilbelonline.com/lacteos/leches/leche-condensada-nestle-395-gr/art_20245/
2026-09-28T09:15:43,Kilbel,28406,Leche larga vida con hierro - botella La Serenisima 1 Lt,2980.0,2980.0,,,2980.0,,https://www.kilbelonline.com/lacteos/leches/leche-larga-vida-con-hierro-botella-la-serenisima-1-lt/art_28406/
2026-09-28T09:15:43,Kilbel,28334,Leche polvo instánea desremada - pouch Lheritier 200 Gr,4415.0,2207.5,,,3648.76,,https://www.kilbelonline.com/lacteos/leches/leche-polvo-instanea-desremada-pouch-lheritier-200-gr/art_28334/
2026-09-28T09:15:43,Kilbel,26211,Leche chocolatada menos azúcar Nesquik 200 Ml,1390.0,695.0,,,1148.76,,https://www.kilbelonline.com/lacteos/leches/leche-chocolatada-menos-azucar-nesquik-200-ml/art_26211/
2026-09-28T09:15:43,Kilbel,21338,Leche polvo prebio 3 - lata Nido 800 Gr,18260.0,22825.0,,,15090.91,,https://www.kilbelonline.com/lacteos/leches/leche-polvo-prebio-3-lata-nido-800-gr/art_21338/
2026-09-28T09:15:43,Kilbel,28033,Formula lactea larga vida bebe 2 - tetra Nan 190 Ml,1920.0,1010.53,,,1586.78,,https://www.kilbelonline.com/lacteos/leches/formula-lactea-larga-vida-bebe-2-tetra-nan-190-ml/art_28033/
2026-09-28T09:15:43,Kilbel,28032,Formula lactea larga vida bebe 1 - tetra Nan 190 Ml,1640.0,863.16,,,1355.37,,https://www.kilbelonline.com/lacteos/leches/formula-lactea-larga-vida-bebe-1-tetra-nan-190-ml/art_28032/
2026-09-28T09:15:43,Kilbel,25428,Leche descremada 2 % ultra p.- sachet Armonia 1 Lt,1798.0,1798.0,,,1798.0,,https://www.kilbelonline.com/lacteos/leches/leche-descremada-2-ultra-p-sachet-armonia-1-lt/art_25428/
2026-09-28T09:15:43,Kilbel,27685,Leche polvo forti grow Nido 370 Gr,7800.0,21081.08,,,6446.28,,https://www.kilbelonline.com/lacteos/leches/leche-polvo-forti-grow-nido-370-gr/art_27685/
2026-09-28T09:15:43,Kilbel,25436,Leche descremada 1 % ultra p. -sachet Armonia 1 Lt,1798.0,1798.0,,,1798.0,,https://www.kilbelonline.com/lacteos/leches/leche-descremada-1-ultra-p-sachet-armonia-1-lt/art_25436/
2026-09-28T09:15:43,Kilbel,25447,Leche reducida lactosa sachet La Serenisima 1 Lt,1970.0,1970.0,,,1970.0,,https://www.kilbelonline.com/lacteos/leches/leche-reducida-lactosa-sachet-la-serenisima-1-lt/art_25447/
2026-09-28T09:15:43,Kilbel,21204,Leche condensada light Nestlé 395 Gr,4550.0,11518.99,,,3760.33,,https://www.kilbelonline.com/lacteos/leches/leche-condensada-light-nestle-395-gr/art_21204/
2026-09-28T09:15:43,Kilbel,22701,Leche polvo prebio +4 - lata Nido 800 Gr,17350.0,21687.5,,,14338.84,,https://www.kilbelonline.com/lacteos/leches/leche-polvo-prebio-4-lata-nido-800-gr/art_22701/
2026-09-28T09:15:43,Kilbel,27354,Fórmula lactea larga vida 3 - tetra Nido 200 Ml,1260.0,630.0,,,1041.32,,https://www.kilbelonline.com/lacteos/leches/formula-lactea-larga-vida-3-tetra-nido-200-ml/art_27354/
2026-09-28T09:15:43,Kilbel,27353,Leche polvo instantánea extra calcio Svelty 200 Gr,4300.0,2150.0,,,3553.72,,https://www.kilbelonline.com/lacteos/leches/leche-polvo-instantanea-extra-calcio-svelty-200-gr/art_27353/
2026-09-28T09:15:43,Kilbel,27237,Leche instantánea entera polvo - caja Franz 800 Gr,10450.0,13062.5,,,8636.36,,https://www.kilbelonline.com/lacteos/leches/leche-instantanea-entera-polvo-caja-franz-800-gr/art_27237/
2026-09-28T09:15:43,Kilbel,21196,Pan con salvado La Viecka 330 Gr,2580.0,6645.45,,,1812.4,,https://www.kilbelonline.com/panificados/pan/pan-con-salvado-la-viecka-330-gr/art_21196/
2026-09-28T09:15:43,Kilbel,21195,Pan lacteado La Viecka 330 Gr,2580.0,6645.45,,,1812.4,,https://www.kilbelonline.com/panificados/pan/pan-lacteado-la-viecka-330-gr/art_21195/
2026-09-28T09:15:43,Kilbel,28916,Pan molde salvado Facilitas 540 Gr,3700.0,6166.67,,,2752.07,,https://www.kilbelonline.com/panificados/pan/pan-molde-salvado-facilitas-540-gr/art_28916/
2026-09-28T09:15:43,Kilbel,28915,Pan molde lacteado Facilitas 540 Gr,3300.0,5500.0,,,2454.55,,https://www.kilbelonline.com/panificados/pan/pan-molde-lacteado-facilitas-540-gr/art_28915/
2026-09-28T09:15:43,Kilbel,28917,Pan molde integral con semillas andinas Facilitas 360 Gr,3330.0,8325.0,,,2476.86,,https://www.kilbelonline.com/panificados/pan/pan-molde-integral-con-semillas-andinas-facilitas-360-gr/art_28917/
2026-09-28T09:15:43,Kilbel,27774,Pan rústico multicereal La Francia 560 Gr,5990.0,9626.79,,,4455.37,,https://www.kilbelonline.com/panificados/pan/pan-rustico-multicereal-la-francia-560-gr/art_27774/
2026-09-28T09:15:43,Kilbel,27778,Pan rustico 3 harinas integrales La Francia 560 Gr,5990.0,9626.79,,,4455.37,,https://www.kilbelonline.com/panificados/pan/pan-rustico-3-harinas-integrales-la-francia-560-gr/art_27778/
2026-09-28T09:15:43,Kilbel,28918,Pan molde integral con semillas/legumbres Facilitas 360 Gr,3330.0,8325.0,,,2476.86,,https://www.kilbelonline.com/panificados/pan/pan-molde-integral-con-semillas-legumbres-facilitas-360-gr/art_28918/
2026-09-28T09:15:43,Kilbel,22138,Pan multicereal cormillot Veneziana 410 Gr,4320.0,10009.76,,,3391.74,,https://www.kilbelonline.com/panificados/pan/pan-multicereal-cormillot-veneziana-410-gr/art_22138/
2026-09-28T09:15:43,Kilbel,22136,Pan integral cormillot Veneziana 360 Gr,3350.0,8840.28,,,2630.17,,https://www.kilbelonline.com/panificados/pan/pan-integral-cormillot-veneziana-360-gr/art_22136/
2026-09-28T09:15:43,Kilbel,19673,Pan lacteado Kilbel 400 Gr,1995.0,4987.5,,,1648.76,,https://www.kilbelonline.com/panificados/pan/pan-lacteado-kilbel-400-gr/art_19673/
2026-09-28T09:15:43,Kilbel,19674,Pan lacteado con salvado Kilbel 400 Gr,1995.0,4987.5,,,1648.76,,https://www.kilbelonline.com/panificados/pan/pan-lacteado-con-salvado-kilbel-400-gr/art_19674/
2026-09-28T09:15:43,Kilbel,22135,Pan lacteado familiar Veneziana 600 Gr,4270.0,7116.67,,,3528.93,,https://www.kilbelonline.com/panificados/pan/pan-lacteado-familiar-veneziana-600-gr/art_22135/
2026-09-28T09:15:43,Kilbel,22774,Pan integral cormillot Veneziana 630 Gr,5360.0,8507.94,,,4429.75,,https://www.kilbelonline.com/panificados/pan/pan-integral-cormillot-veneziana-630-gr/art_22774/
2026-09-28T09:15:43,Kilbel,24864,Pan mauser  1 Kg,2490.0,2490.0,,,2253.39,,https://www.kilbelonline.com/panificados/pan/pan-mauser-1-kg/art_24864/
2026-09-28T09:15:43,Kilbel,24861,Pan mignon Tato 1 Kg,5650.0,5650.0,,,5113.12,,https://www.kilbelonline.com/panificados/pan/pan-mignon-tato-1-kg/art_24861/
2026-09-28T09:15:43,Kilbel,23120,Pan de campo tipo casero Veneziana 400 Gr,3540.0,8850.0,,,2925.62,,https://www.kilbelonline.com/panificados/pan/pan-de-campo-tipo-casero-veneziana-400-gr/art_23120/
2026-09-28T09:15:43,Kilbel,29286,Pan m.lacteado Fargo 370 Gr,5900.0,15945.95,,,4876.03,,https://www.kilbelonline.com/panificados/pan/pan-m-lacteado-fargo-370-gr/art_29286/
2026-09-28T09:15:43,Kilbel,24863,Pan especial Tato 1 Kg,5650.0,5650.0,,,5113.12,,https://www.kilbelonline.com/panificados/pan/pan-especial-tato-1-kg/art_24863/
2026-09-28T09:15:43,Kilbel,29293,Pan molde semillas con masa madre Oroweat 600 Gr,11500.0,19166.67,,,9504.13,,https://www.kilbelonline.com/panificados/pan/pan-molde-semillas-con-masa-madre-oroweat-600-gr/art_29293/
2026-09-28T09:15:43,Kilbel,24876,Pan baguette Kilbel 1 U,1695.0,1695.0,,,1533.94,,https://www.kilbelonline.com/panificados/pan/pan-baguette-kilbel-1-u/art_24876/
2026-09-28T09:15:43,Kilbel,27776,Pan rustico doble salvado La Francia 560 Gr,5990.0,10696.43,,,4950.41,,https://www.kilbelonline.com/panificados/pan/pan-rustico-doble-salvado-la-francia-560-gr/art_27776/
2026-09-28T09:15:43,Kilbel,23495,Pan lacteado integral Fargo 400 Gr,6600.0,16500.0,,,5454.55,,https://www.kilbelonline.com/panificados/pan/pan-lacteado-integral-fargo-400-gr/art_23495/
2026-09-28T09:15:43,Kilbel,27775,Pan rustico doble integral La Francia 560 Gr,5990.0,10696.43,,,4950.41,,https://www.kilbelonline.com/panificados/pan/pan-rustico-doble-integral-la-francia-560-gr/art_27775/
2026-09-28T09:15:43,Kilbel,27777,Pan rustico tradicional La Francia 560 Gr,5990.0,10696.43,,,4950.41,,https://www.kilbelonline.com/panificados/pan/pan-rustico-tradicional-la-francia-560-gr/art_27777/
2026-09-28T09:15:43,Kilbel,27779,Pan rustico con calabaza La Francia 560 Gr,5990.0,10696.43,,,4950.41,,https://www.kilbelonline.com/panificados/pan/pan-rustico-con-calabaza-la-francia-560-gr/art_27779/
2026-09-28T09:15:43,Kilbel,28209,Pan rustico blanco La Francia 560 Gr,5990.0,10696.43,,,4950.41,,https://www.kilbelonline.com/panificados/pan/pan-rustico-blanco-la-francia-560-gr/art_28209/
2026-09-28T09:15:43,Kilbel,19575,Pan salvado La Maria 1 Kg,3600.0,3600.0,,,3257.92,,https://www.kilbelonline.com/panificados/pan/pan-salvado-la-maria-1-kg/art_19575/
2026-09-28T09:15:43,Kilbel,23496,Pan lacteado cereales y semillas Fargo 400 Gr,6600.0,16500.0,,,5454.55,,https://www.kilbelonline.com/panificados/pan/pan-lacteado-cereales-y-semillas-fargo-400-gr/art_23496/
2026-09-28T09:15:43,Kilbel,29284,Pan molde salvado Fargo 390 Gr,6560.0,16820.51,,,5421.49,,https://www.kilbelonline.com/panificados/pan/pan-molde-salvado-fargo-390-gr/art_29284/
2026-09-28T09:15:43,Kilbel,29285,Pan molde salvado Fargo 600 Gr,8900.0,14833.33,,,7355.37,,https://www.kilbelonline.com/panificados/pan/pan-molde-salvado-fargo-600-gr/art_29285/
2026-09-28T09:15:43,Kilbel,22137,Pan trisalvado light cormillot Veneziana 360 Gr,3190.0,8861.11,,,2636.36,,https://www.kilbelonline.com/panificados/pan/pan-trisalvado-light-cormillot-veneziana-360-gr/art_22137/
2026-09-28T09:15:43,Kilbel,29294,Pan molde artesano brioche Bimbo 500 Gr,9700.0,19400.0,,,8016.53,,https://www.kilbelonline.com/panificados/pan/pan-molde-artesano-brioche-bimbo-500-gr/art_29294/
2026-09-28T09:15:43,Kilbel,23236,Cerveza rubia - lata Warsteiner 473 Cm3,3750.0,5285.41,,,3099.17,3,https://www.kilbelonline.com/bebidas/cervezas/cerveza-rubia-lata-warsteiner-473-cm3/art_23236/
2026-09-28T09:15:43,Kilbel,23578,Cerveza roja amber lager - lata Imperial 473 Cm3,3000.0,4228.33,,,2479.34,3,https://www.kilbelonline.com/bebidas/cervezas/cerveza-roja-amber-lager-lata-imperial-473-cm3/art_23578/
2026-09-28T09:15:43,Kilbel,23208,Cerveza rubia lata x473 pack Warsteiner 6 U,22500.0,2500.0,,,18595.04,3,https://www.kilbelonline.com/bebidas/cervezas/cerveza-rubia-lata-x473-pack-warsteiner-6-u/art_23208/
2026-09-28T09:15:43,Kilbel,22926,Cerveza rubia - botella Miller 330 Cm3,3600.0,5454.55,,,2975.21,2,https://www.kilbelonline.com/bebidas/cervezas/cerveza-rubia-botella-miller-330-cm3/art_22926/
2026-09-28T09:15:43,Kilbel,22717,Cerveza rubia - lata Imperial 473 Cm3,3000.0,4228.33,,,2479.34,3,https://www.kilbelonline.com/bebidas/cervezas/cerveza-rubia-lata-imperial-473-cm3/art_22717/
2026-09-28T09:15:43,Kilbel,24155,Cerveza rubia golden - lata Imperial 473 Cm3,3000.0,4228.33,,,2479.34,3,https://www.kilbelonline.com/bebidas/cervezas/cerveza-rubia-golden-lata-imperial-473-cm3/art_24155/
2026-09-28T09:15:43,Kilbel,25501,Cerveza rubia lata x473 pack Imperial 6 U,18000.0,2000.0,,,14876.03,3,https://www.kilbelonline.com/bebidas/cervezas/cerveza-rubia-lata-x473-pack-imperial-6-u/art_25501/
2026-09-28T09:15:43,Kilbel,25593,Cerveza kolsch - lata Antares 473 Cm3,3700.0,6649.05,,,2599.17,,https://www.kilbelonline.com/bebidas/cervezas/cerveza-kolsch-lata-antares-473-cm3/art_25593/
2026-09-28T09:15:43,Kilbel,25624,Cerveza honey - lata Antares 473 Cm3,3700.0,6649.05,,,2599.17,,https://www.kilbelonline.com/bebidas/cervezas/cerveza-honey-lata-antares-473-cm3/art_25624/
2026-09-28T09:15:43,Kilbel,25665,Cerveza scotch - lata Antares 473 Cm3,3700.0,6649.05,,,2599.17,,https://www.kilbelonline.com/bebidas/cervezas/cerveza-scotch-lata-antares-473-cm3/art_25665/
2026-09-28T09:15:43,Kilbel,25666,Cerveza caravana - lata Antares 473 Cm3,3700.0,6649.05,,,2599.17,,https://www.kilbelonline.com/bebidas/cervezas/cerveza-caravana-lata-antares-473-cm3/art_25666/
2026-09-28T09:15:43,Kilbel,21178,Cerveza retornable rubia Quilmes B.cero 1 Lt,4000.0,3600.0,,,2975.21,,https://www.kilbelonline.com/bebidas/cervezas/cerveza-retornable-rubia-quilmes-b-cero-1-lt/art_21178/
2026-09-28T09:15:43,Kilbel,25156,Cerveza retornable rubia Heineken 1 Lt,6500.0,5850.0,,,4834.71,,https://www.kilbelonline.com/bebidas/cervezas/cerveza-retornable-rubia-heineken-1-lt/art_25156/
2026-09-28T09:15:43,Kilbel,20590,Cerveza retornable rubia Schneider 1 Lt,4600.0,4140.0,,,3421.49,,https://www.kilbelonline.com/bebidas/cervezas/cerveza-retornable-rubia-schneider-1-lt/art_20590/
2026-09-28T09:15:43,Kilbel,22848,Cerveza negra - lata Quilmes Stout 473 Cm3,2600.0,4947.15,,,1933.88,,https://www.kilbelonline.com/bebidas/cervezas/cerveza-negra-lata-quilmes-stout-473-cm3/art_22848/
2026-09-28T09:15:43,Kilbel,20928,Cerveza rubia - botella Corona 330 Cm3,3700.0,10090.91,,,2752.07,,https://www.kilbelonline.com/bebidas/cervezas/cerveza-rubia-botella-corona-330-cm3/art_20928/
2026-09-28T09:15:43,Kilbel,22849,Cerveza negra lata x473 pack Quilmes Stout 6 U,15600.0,2340.0,,,11603.31,,https://www.kilbelonline.com/bebidas/cervezas/cerveza-negra-lata-x473-pack-quilmes-stout-6-u/art_22849/
2026-09-28T09:15:43,Kilbel,20494,Cerveza retornable negra Quilmes Stout 1 Lt,4900.0,4410.0,,,3644.63,,https://www.kilbelonline.com/bebidas/cervezas/cerveza-retornable-negra-quilmes-stout-1-lt/art_20494/
2026-09-28T09:15:43,Kilbel,22880,Cerveza rubia botella x330 pack Corona 6 U,22200.0,3330.0,,,16512.4,,https://www.kilbelonline.com/bebidas/cervezas/cerveza-rubia-botella-x330-pack-corona-6-u/art_22880/
2026-09-28T09:15:43,Kilbel,23235,Cerveza rubia - lata Grolsch 473 Cm3,3800.0,7230.45,,,2826.45,,https://www.kilbelonline.com/bebidas/cervezas/cerveza-rubia-lata-grolsch-473-cm3/art_23235/
2026-09-28T09:15:43,Kilbel,24749,Cerveza rubia - lata Salta 473 Cm3,2800.0,5327.69,,,2082.64,,https://www.kilbelonline.com/bebidas/cervezas/cerveza-rubia-lata-salta-473-cm3/art_24749/
2026-09-28T09:15:43,Kilbel,23201,Cerveza ipa - lata Imperial 473 Cm3,3000.0,6025.37,,,2355.37,,https://www.kilbelonline.com/bebidas/cervezas/cerveza-ipa-lata-imperial-473-cm3/art_23201/
2026-09-28T09:15:43,Kilbel,25509,Cerveza golden lata x473 pack Imperial 6 U,18000.0,2850.0,,,14132.23,,https://www.kilbelonline.com/bebidas/cervezas/cerveza-golden-lata-x473-pack-imperial-6-u/art_25509/
2026-09-28T09:15:43,Kilbel,20978,Cerveza rubia - lata Schneider 473 Cm3,1875.0,3964.06,,,1549.59,,https://www.kilbelonline.com/bebidas/cervezas/cerveza-rubia-lata-schneider-473-cm3/art_20978/
2026-09-28T09:15:43,Kilbel,25057,Cerveza retornable rubia Budweiser 1 Lt,3995.0,3995.0,,,3301.65,,https://www.kilbelonline.com/bebidas/cervezas/cerveza-retornable-rubia-budweiser-1-lt/art_25057/
2026-09-28T09:15:43,Kilbel,22810,Cerveza negra stout - lata Imperial 473 Cm3,2400.0,5074.0,,,1983.47,,https://www.kilbelonline.com/bebidas/cervezas/cerveza-negra-stout-lata-imperial-473-cm3/art_22810/
2026-09-28T09:15:43,Kilbel,20349,Cerveza retornable rubia Stella Artois 975 Cm3,5100.0,5230.77,,,4214.88,,https://www.kilbelonline.com/bebidas/cervezas/cerveza-retornable-rubia-stella-artois-975-cm3/art_20349/
2026-09-28T09:15:43,Kilbel,22416,Cerveza rubia - lata Heineken 473 Cm3,2925.0,6183.93,,,2417.36,,https://www.kilbelonline.com/bebidas/cervezas/cerveza-rubia-lata-heineken-473-cm3/art_22416/
2026-09-28T09:15:43,Kilbel,24331,Cerveza retornable lager Amstel 1 Lt,3520.0,3520.0,,,2909.09,,https://www.kilbelonline.com/bebidas/cervezas/cerveza-retornable-lager-amstel-1-lt/art_24331/
2026-09-28T09:15:43,Kilbel,25256,Cerveza rubia golden - lata Imperial 710 Cm3,3440.0,4845.07,,,2842.98,,https://www.kilbelonline.com/bebidas/cervezas/cerveza-rubia-golden-lata-imperial-710-cm3/art_25256/
2026-09-28T09:15:43,Kilbel,25662,Cerveza lager lata x473 pack Amstel 6 U,13470.0,2245.0,,,11132.23,,https://www.kilbelonline.com/bebidas/cervezas/cerveza-lager-lata-x473-pack-amstel-6-u/art_25662/
2026-09-28T09:15:43,Kilbel,22912,Cerveza rubia - lata Santa Fe 473 Cm3,1990.0,4207.19,,,1644.63,,https://www.kilbelonline.com/bebidas/cervezas/cerveza-rubia-lata-santa-fe-473-cm3/art_22912/
2026-09-28T09:15:43,Kilbel,23591,Cerveza rubia - lata Imperial 710 Cm3,3400.0,4788.73,,,2809.92,,https://www.kilbelonline.com/bebidas/cervezas/cerveza-rubia-lata-imperial-710-cm3/art_23591/
2026-09-28T09:15:43,Kilbel,24513,Cerveza pilsen - lata Santa Fe 473 Cm3,1990.0,4207.19,,,1644.63,,https://www.kilbelonline.com/bebidas/cervezas/cerveza-pilsen-lata-santa-fe-473-cm3/art_24513/
2026-09-28T09:15:43,Kilbel,22357,Cerveza retornable rubia Grolsch 925 Ml,4340.0,4691.89,,,3586.78,,https://www.kilbelonline.com/bebidas/cervezas/cerveza-retornable-rubia-grolsch-925-ml/art_22357/
2026-09-28T09:15:43,Kilbel,23592,Cerveza rubia - lata Heineken 710 Cm3,4560.0,6422.54,,,3768.6,,https://www.kilbelonline.com/bebidas/cervezas/cerveza-rubia-lata-heineken-710-cm3/art_23592/
2026-09-28T09:15:43,Kilbel,23421,Cerveza apa - lata Imperial 473 Cm3,2400.0,5074.0,,,1983.47,,https://www.kilbelonline.com/bebidas/cervezas/cerveza-apa-lata-imperial-473-cm3/art_23421/
2026-09-28T09:15:43,Kilbel,22972,Cerveza rubia lata x473 pack Heineken 6 U,17550.0,2925.0,,,14504.13,,https://www.kilbelonline.com/bebidas/cervezas/cerveza-rubia-lata-x473-pack-heineken-6-u/art_22972/
2026-09-28T09:15:43,Kilbel,22750,Cerveza rubia - lata Stella Artois 473 Cm3,3040.0,6427.06,,,2512.4,,https://www.kilbelonline.com/bebidas/cervezas/cerveza-rubia-lata-stella-artois-473-cm3/art_22750/
2026-09-28T09:15:43,Kilbel,24512,Cerveza retornable pilsen Santa Fe 1 Lt,3900.0,3900.0,,,3223.14,,https://www.kilbelonline.com/bebidas/cervezas/cerveza-retornable-pilsen-santa-fe-1-lt/art_24512/
2026-09-28T09:15:43,Kilbel,19659,Cerveza rubia - lata Quilmes Clasica 473 Cm3,2090.0,4418.6,,,1727.27,,https://www.kilbelonline.com/bebidas/cervezas/cerveza-rubia-lata-quilmes-clasica-473-cm3/art_19659/
2026-09-28T09:15:43,Kilbel,20848,Cerveza rubia - botella Heineken 330 Ml,3400.0,10303.03,,,2809.92,,https://www.kilbelonline.com/bebidas/cervezas/cerveza-rubia-botella-heineken-330-ml/art_20848/
2026-09-28T09:15:43,Kilbel,21637,Cerveza retornable rubia Miller 1 Lt,4050.0,4050.0,,,3347.11,,https://www.kilbelonline.com/bebidas/cervezas/cerveza-retornable-rubia-miller-1-lt/art_21637/
2026-09-28T09:15:43,Kilbel,22665,Cerveza retornable rubia - botella Imperial 1 Lt,3900.0,3900.0,,,3223.14,,https://www.kilbelonline.com/bebidas/cervezas/cerveza-retornable-rubia-botella-imperial-1-lt/art_22665/
2026-09-28T09:15:43,Kilbel,22796,Cerveza rubia lata x473 pack Stella Artois 6 U,18240.0,3040.0,,,15074.38,,https://www.kilbelonline.com/bebidas/cervezas/cerveza-rubia-lata-x473-pack-stella-artois-6-u/art_22796/
2026-09-28T09:15:43,Kilbel,22913,Cerveza rubia- lata Miller 473 Cm3,2140.0,4524.31,,,1768.6,,https://www.kilbelonline.com/bebidas/cervezas/cerveza-rubia-lata-miller-473-cm3/art_22913/
2026-09-28T09:15:43,Kilbel,23069,Cerveza negra - lata Andes 473 Cm3,2800.0,5919.66,,,2314.05,,https://www.kilbelonline.com/bebidas/cervezas/cerveza-negra-lata-andes-473-cm3/art_23069/
2026-09-28T09:15:43,Kilbel,23070,Cerveza roja - lata Andes 473 Cm3,2800.0,5919.66,,,2314.05,,https://www.kilbelonline.com/bebidas/cervezas/cerveza-roja-lata-andes-473-cm3/art_23070/
2026-09-28T09:15:43,Kilbel,23136,Cerveza rubia - lata Schneider 710 Cm3,2999.0,4223.94,,,2478.51,,https://www.kilbelonline.com/bebidas/cervezas/cerveza-rubia-lata-schneider-710-cm3/art_23136/
2026-09-28T09:15:43,Kilbel,23549,Cerveza rubia lata x473 pack Miller 6 U,12825.0,2137.5,,,10599.17,,https://www.kilbelonline.com/bebidas/cervezas/cerveza-rubia-lata-x473-pack-miller-6-u/art_23549/
2026-09-28T09:15:43,Kilbel,24279,Cerveza lager - lata Amstel 473 Cm3,2245.0,4746.3,,,1855.37,,https://www.kilbelonline.com/bebidas/cervezas/cerveza-lager-lata-amstel-473-cm3/art_24279/
2026-09-28T09:15:43,Kilbel,24573,Cerveza descartable rubia Stella Artois 710 Cm3,4575.0,6443.66,,,3780.99,,https://www.kilbelonline.com/bebidas/cervezas/cerveza-descartable-rubia-stella-artois-710-cm3/art_24573/
2026-09-28T09:15:43,Kilbel,25600,Cerveza rubia sin alcohol - botella Stella Artois 330 Cm3,2285.0,6924.24,,,1888.43,,https://www.kilbelonline.com/bebidas/cervezas/cerveza-rubia-sin-alcohol-botella-stella-artois-330-cm3/art_25600/
2026-09-28T09:15:43,Kilbel,20237,Cerveza rubia - botella Stella Artois 330 Cm3,3500.0,5303.03,,,2892.56,2,https://www.kilbelonline.com/bebidas/cervezas/cerveza-rubia-botella-stella-artois-330-cm3/art_20237/
2026-09-28T09:15:43,Kilbel,26892,Cerveza rubia - lata Blue Moon 473 Cm3,4400.0,4651.17,,,3636.36,2,https://www.kilbelonline.com/bebidas/cervezas/cerveza-rubia-lata-blue-moon-473-cm3/art_26892/
2026-09-28T09:15:43,Kilbel,29055,Cerveza rubia light s/tacc - b Michelob 275 Cm3,3150.0,7636.37,,,2603.31,3,https://www.kilbelonline.com/bebidas/cervezas/cerveza-rubia-light-s-tacc-b-michelob-275-cm3/art_29055/
2026-09-28T09:15:43,Kilbel,27994,Cerveza rubia botella x330 pack Stella Artois 6 U,21000.0,1750.0,,,17355.37,2,https://www.kilbelonline.com/bebidas/cervezas/cerveza-rubia-botella-x330-pack-stella-artois-6-u/art_27994/
2026-09-28T09:15:43,Kilbel,29078,Cerveza rubia light s/tacc botella pack Michelob 6 U,18900.0,2100.0,,,15619.83,3,https://www.kilbelonline.com/bebidas/cervezas/cerveza-rubia-light-s-tacc-botella-pack-michelob-6-u/art_29078/
2026-09-28T09:15:43,Kilbel,27720,Cerveza lager - lata Antares 473 Cm3,3700.0,6649.05,,,2599.17,,https://www.kilbelonline.com/bebidas/cervezas/cerveza-lager-lata-antares-473-cm3/art_27720/
2026-09-28T09:15:43,Kilbel,27474,Cerveza retornable rubia Quilmes Clasica 1 Lt,4900.0,4410.0,,,3644.63,,https://www.kilbelonline.com/bebidas/cervezas/cerveza-retornable-rubia-quilmes-clasica-1-lt/art_27474/
2026-09-28T09:15:43,Kilbel,26868,Cerveza rubia light sin tacc - lata Michelob 473 Cm3,2800.0,5327.69,,,2082.64,,https://www.kilbelonline.com/bebidas/cervezas/cerveza-rubia-light-sin-tacc-lata-michelob-473-cm3/art_26868/
2026-09-28T09:15:43,Kilbel,27319,Cerveza rubia 0.0% - botella Corona 330 Cm3,3100.0,8454.55,,,2305.79,,https://www.kilbelonline.com/bebidas/cervezas/cerveza-rubia-0-0-botella-corona-330-cm3/art_27319/
2026-09-28T09:15:43,Kilbel,28872,Cerveza - lata Quilmes B.cero 473 Cm3,2400.0,4566.6,,,1785.12,,https://www.kilbelonline.com/bebidas/cervezas/cerveza-lata-quilmes-b-cero-473-cm3/art_28872/
2026-09-28T09:15:43,Kilbel,29054,Cerveza rubia 0% - lata Corona 473 Cm3,3100.0,5898.52,,,2305.79,,https://www.kilbelonline.com/bebidas/cervezas/cerveza-rubia-0-lata-corona-473-cm3/art_29054/
2026-09-28T09:15:43,Kilbel,25708,Cerveza cream stout - lata Pampa 473 Cm3,3500.0,6659.62,,,2603.31,,https://www.kilbelonline.com/bebidas/cervezas/cerveza-cream-stout-lata-pampa-473-cm3/art_25708/
2026-09-28T09:15:43,Kilbel,25729,Cerveza amber ale - lata Pampa 473 Cm3,3200.0,6088.8,,,2380.17,,https://www.kilbelonline.com/bebidas/cervezas/cerveza-amber-ale-lata-pampa-473-cm3/art_25729/
2026-09-28T09:15:43,Kilbel,25731,Cerveza honey ale - lata Pampa 473 Cm3,3200.0,6088.8,,,2380.17,,https://www.kilbelonline.com/bebidas/cervezas/cerveza-honey-ale-lata-pampa-473-cm3/art_25731/
2026-09-28T09:15:43,Kilbel,25734,Cerveza ipa - lata Pampa 473 Cm3,3500.0,6659.62,,,2603.31,,https://www.kilbelonline.com/bebidas/cervezas/cerveza-ipa-lata-pampa-473-cm3/art_25734/
2026-09-28T09:15:43,Kilbel,25744,Cerveza dorada pampeana - lata Pampa 473 Cm3,3200.0,6088.8,,,2380.17,,https://www.kilbelonline.com/bebidas/cervezas/cerveza-dorada-pampeana-lata-pampa-473-cm3/art_25744/
2026-09-28T09:15:43,Kilbel,25762,Cerveza extra stout - lata Guinness 473 Cm3,4900.0,9323.47,,,3644.63,,https://www.kilbelonline.com/bebidas/cervezas/cerveza-extra-stout-lata-guinness-473-cm3/art_25762/
2026-09-28T09:15:43,Kilbel,27258,Cerveza rubia light sin tacc sixpack Michelob 6 U,16800.0,2520.0,,,12495.87,,https://www.kilbelonline.com/bebidas/cervezas/cerveza-rubia-light-sin-tacc-sixpack-michelob-6-u/art_27258/
2026-09-28T09:15:43,Kilbel,27896,Cerveza rubia lata x473 pack Salta 6 U,16800.0,2520.0,,,12495.87,,https://www.kilbelonline.com/bebidas/cervezas/cerveza-rubia-lata-x473-pack-salta-6-u/art_27896/
2026-09-28T09:15:43,Kilbel,29056,Cerveza rubia 0% lata x473 pack Corona 6 U,18600.0,2790.0,,,13834.71,,https://www.kilbelonline.com/bebidas/cervezas/cerveza-rubia-0-lata-x473-pack-corona-6-u/art_29056/
2026-09-28T09:15:43,Kilbel,28953,Cerveza ipa sin alcohol - lata Antares 473 Cm3,3700.0,7431.29,,,2904.96,,https://www.kilbelonline.com/bebidas/cervezas/cerveza-ipa-sin-alcohol-lata-antares-473-cm3/art_28953/
2026-09-28T09:15:43,Kilbel,26850,Cerveza rubia sin alcohol - lata Stella Artois 473 Cm3,2400.0,5074.0,,,1983.47,,https://www.kilbelonline.com/bebidas/cervezas/cerveza-rubia-sin-alcohol-lata-stella-artois-473-cm3/art_26850/
2026-09-28T09:15:43,Kilbel,22925,Cerveza 24.7 - lata Patagonia 473 Cm3,2975.0,6289.64,,,2458.68,,https://www.kilbelonline.com/bebidas/cervezas/cerveza-24-7-lata-patagonia-473-cm3/art_22925/
2026-09-28T09:15:43,Kilbel,23040,Cerveza rubia lata x473 pack Budweiser 6 U,11995.0,1999.17,,,9913.22,,https://www.kilbelonline.com/bebidas/cervezas/cerveza-rubia-lata-x473-pack-budweiser-6-u/art_23040/
2026-09-28T09:15:43,Kilbel,21946,Cerveza rubia - lata Budweiser 473 Cm3,1999.0,4226.22,,,1652.07,,https://www.kilbelonline.com/bebidas/cervezas/cerveza-rubia-lata-budweiser-473-cm3/art_21946/
2026-09-28T09:15:43,Kilbel,29682,Cerveza rubia ft.limón - lata Brahma 473 Cm3,1960.0,4143.76,,,1619.83,,https://www.kilbelonline.com/bebidas/cervezas/cerveza-rubia-ft-limon-lata-brahma-473-cm3/art_29682/
2026-09-28T09:15:43,Kilbel,29683,Cerveza rubia ft.pomelo - lata Brahma 473 Cm3,1960.0,4143.76,,,1619.83,,https://www.kilbelonline.com/bebidas/cervezas/cerveza-rubia-ft-pomelo-lata-brahma-473-cm3/art_29683/
2026-09-28T09:15:43,Kilbel,29180,Cerveza lager - lata Estrella Galicia 473 Cm3,3055.0,6458.77,,,2524.79,,https://www.kilbelonline.com/bebidas/cervezas/cerveza-lager-lata-estrella-galicia-473-cm3/art_29180/
2026-09-28T09:15:43,Kilbel,29479,Cerveza con limón lata x473 pack Schneider 6 U,13440.0,2240.0,,,11107.44,,https://www.kilbelonline.com/bebidas/cervezas/cerveza-con-limon-lata-x473-pack-schneider-6-u/art_29479/
2026-09-28T09:15:43,Kilbel,27964,Cerveza rubia oro - lata Andes 473 Cm3,2240.0,4735.73,,,1851.24,,https://www.kilbelonline.com/bebidas/cervezas/cerveza-rubia-oro-lata-andes-473-cm3/art_27964/
2026-09-28T09:15:43,Kilbel,28190,Cerveza golden - bot Imperial 330 Cm3,3060.0,9272.73,,,2528.93,,https://www.kilbelonline.com/bebidas/cervezas/cerveza-golden-bot-imperial-330-cm3/art_28190/
2026-09-28T09:15:43,Kilbel,28824,Cerveza rubia - lata Corona 473 Cm3,3400.0,7188.16,,,2809.92,,https://www.kilbelonline.com/bebidas/cervezas/cerveza-rubia-lata-corona-473-cm3/art_28824/
2026-09-28T09:15:43,Kilbel,28911,Cerveza con limón - lata Schneider 473 Cm3,2240.0,4735.73,,,1851.24,,https://www.kilbelonline.com/bebidas/cervezas/cerveza-con-limon-lata-schneider-473-cm3/art_28911/
2026-09-28T09:15:43,Kilbel,29142,Cerveza rubia - lata Brahma 710 Cm3,3299.0,4646.48,,,2726.45,,https://www.kilbelonline.com/bebidas/cervezas/cerveza-rubia-lata-brahma-710-cm3/art_29142/
2026-09-28T09:15:43,Kilbel,29152,Cerveza rubia - lata Budweiser 710 Cm3,3390.0,4774.65,,,2801.65,,https://www.kilbelonline.com/bebidas/cervezas/cerveza-rubia-lata-budweiser-710-cm3/art_29152/
2026-09-28T09:15:43,Kilbel,29153,Cerveza rubia - lata Stella Artois 710 Cm3,5100.0,7183.1,,,4214.88,,https://www.kilbelonline.com/bebidas/cervezas/cerveza-rubia-lata-stella-artois-710-cm3/art_29153/
2026-09-28T09:15:43,Kilbel,29345,Cerveza lager lata x473 pack Estrella Galicia 6 U,18330.0,3055.0,,,15148.76,,https://www.kilbelonline.com/bebidas/cervezas/cerveza-lager-lata-x473-pack-estrella-galicia-6-u/art_29345/
2026-09-28T09:15:43,Kilbel,29386,Cerveza lager - botella Estrella Galicia 355 Cm3,3450.0,9718.31,,,2851.24,,https://www.kilbelonline.com/bebidas/cervezas/cerveza-lager-botella-estrella-galicia-355-cm3/art_29386/
2026-09-28T09:15:43,Kilbel,29387,Cerveza lager botella x355 pack Estrella Galicia 6 U,20700.0,3450.0,,,17107.44,,https://www.kilbelonline.com/bebidas/cervezas/cerveza-lager-botella-x355-pack-estrella-galicia-6-u/art_29387/
2026-09-28T09:15:43,Kilbel,29399,Cerveza rubia pure gold botella Stella Artois 330 Cm3,3200.0,9696.97,,,2644.63,,https://www.kilbelonline.com/bebidas/cervezas/cerveza-rubia-pure-gold-botella-stella-artois-330-cm3/art_29399/
2026-09-28T09:15:43,Kilbel,29401,Cerveza rubia pure gold botella x330cc Stella Artois 6 U,19200.0,3200.0,,,15867.77,,https://www.kilbelonline.com/bebidas/cervezas/cerveza-rubia-pure-gold-botella-x330cc-stella-artois-6-u/art_29401/
2026-09-28T09:15:43,Kilbel,29508,Cerveza rubia pure gold Stella Artois 473 Cm3,3300.0,6976.74,,,2727.27,,https://www.kilbelonline.com/bebidas/cervezas/cerveza-rubia-pure-gold-stella-artois-473-cm3/art_29508/
2026-09-28T09:15:43,Kilbel,29509,Cerveza rubia pure gold lata x473cc Stella Artois 6 U,19800.0,3300.0,,,16363.64,,https://www.kilbelonline.com/bebidas/cervezas/cerveza-rubia-pure-gold-lata-x473cc-stella-artois-6-u/art_29509/
2026-09-28T09:15:43,Kilbel,24021,Cerveza rubia 0% - lata Quilmes 473 Cm3,2100.0,4439.75,,,1735.54,,https://www.kilbelonline.com/bebidas/cervezas/cerveza-rubia-0-lata-quilmes-473-cm3/art_24021/
2026-09-28T09:15:43,Kilbel,20733,Cerveza rubia - bot. Corona 710 Ml,6000.0,8450.7,,,4958.68,,https://www.kilbelonline.com/bebidas/cervezas/cerveza-rubia-bot-corona-710-ml/art_20733/
2026-09-28T09:15:43,Kilbel,21576,Cerveza retornable rubia Amstel 1 Lt,508.0,508.0,,,419.83,,https://www.kilbelonline.com/bebidas/cervezas/cerveza-retornable-rubia-amstel-1-lt/art_21576/
2026-09-28T09:15:43,Kilbel,22973,Cerveza rubia botella x330 pack Miller 6 U,21600.0,3600.0,,,17851.24,,https://www.kilbelonline.com/bebidas/cervezas/cerveza-rubia-botella-x330-pack-miller-6-u/art_22973/
2026-09-28T09:15:43,Kilbel,24333,Cerveza  rubia - lata Miller 710 Cm3,3600.0,5070.42,,,2975.21,,https://www.kilbelonline.com/bebidas/cervezas/cerveza-rubia-lata-miller-710-cm3/art_24333/
2026-09-28T09:15:43,Kilbel,28689,Cerveza rubia 0% - lata Heineken 473 Cm3,3000.0,6342.49,,,2479.34,,https://www.kilbelonline.com/bebidas/cervezas/cerveza-rubia-0-lata-heineken-473-cm3/art_28689/
2026-09-28T09:15:43,Kilbel,29601,Cerveza mix maracuya - lata Stones 473 Cm3,2750.0,5813.95,,,2272.73,,https://www.kilbelonline.com/bebidas/cervezas/cerveza-mix-maracuya-lata-stones-473-cm3/art_29601/
2026-09-28T09:15:43,Kilbel,23115,Cerveza amber - lata Patagonia 473 Cm3,3600.0,7610.99,,,2975.21,,https://www.kilbelonline.com/bebidas/cervezas/cerveza-amber-lata-patagonia-473-cm3/art_23115/
2026-09-28T09:15:43,Kilbel,26298,Cerveza belgian white Blue Moon 355 Ml,4200.0,11830.99,,,3471.07,,https://www.kilbelonline.com/bebidas/cervezas/cerveza-belgian-white-blue-moon-355-ml/art_26298/
2026-09-28T09:15:43,Kilbel,26852,Cerveza lager - lata Goose Island 473 Cm3,2259.0,4775.9,,,1866.94,,https://www.kilbelonline.com/bebidas/cervezas/cerveza-lager-lata-goose-island-473-cm3/art_26852/
2026-09-28T09:15:43,Kilbel,27136,Cerveza session ipa - lata Salta 473 Cm3,2800.0,5919.66,,,2314.05,,https://www.kilbelonline.com/bebidas/cervezas/cerveza-session-ipa-lata-salta-473-cm3/art_27136/
2026-09-28T09:15:43,Kilbel,27864,Cerveza rubia oro - Andes 1 Lt,5400.0,5400.0,,,4462.81,,https://www.kilbelonline.com/bebidas/cervezas/cerveza-rubia-oro-andes-1-lt/art_27864/
2026-09-28T09:15:43,Kilbel,28188,Cerveza rubia - lata 1890 473 Cm3,1700.0,3594.08,,,1404.96,,https://www.kilbelonline.com/bebidas/cervezas/cerveza-rubia-lata-1890-473-cm3/art_28188/
2026-09-28T09:15:43,Kilbel,28622,Cerveza hop house - lata Guinness 473 Cm3,4400.0,9302.33,,,3636.36,,https://www.kilbelonline.com/bebidas/cervezas/cerveza-hop-house-lata-guinness-473-cm3/art_28622/
2026-09-28T09:15:43,Kilbel,28841,Cerveza munich helles - lata Rabieta 473 Cm3,4400.0,9302.33,,,3636.36,,https://www.kilbelonline.com/bebidas/cervezas/cerveza-munich-helles-lata-rabieta-473-cm3/art_28841/
2026-09-28T09:15:43,Kilbel,28874,Cerveza rubia - lata Brahma 354 Cm3,2054.0,5802.26,,,1697.52,,https://www.kilbelonline.com/bebidas/cervezas/cerveza-rubia-lata-brahma-354-cm3/art_28874/
2026-09-28T09:15:43,Kilbel,29600,Cerveza mix lemon - lata Stones 473 Cm3,2750.0,5813.95,,,2272.73,,https://www.kilbelonline.com/bebidas/cervezas/cerveza-mix-lemon-lata-stones-473-cm3/art_29600/
2026-09-28T09:15:43,Kilbel,27468,Fernet Capri 700 Ml,5700.0,7735.72,,,4475.21,,https://www.kilbelonline.com/bebidas/aperitivos/fernet/fernet-capri-700-ml/art_27468/
2026-09-28T09:15:43,Kilbel,25092,Fernet a la menta Branca 750 Ml,16300.0,21733.33,,,13471.07,,https://www.kilbelonline.com/bebidas/aperitivos/fernet/fernet-a-la-menta-branca-750-ml/art_25092/
2026-09-28T09:15:43,Kilbel,26978,Fernet Buhero Negro 700 Ml,10455.0,14935.71,,,8640.5,,https://www.kilbelonline.com/bebidas/aperitivos/fernet/fernet-buhero-negro-700-ml/art_26978/
2026-09-28T09:15:43,Kilbel,28930,Fernet mandelo Buhero Negro 700 Ml,11560.0,16514.29,,,9553.72,,https://www.kilbelonline.com/bebidas/aperitivos/fernet/fernet-mandelo-buhero-negro-700-ml/art_28930/
2026-09-28T09:15:43,Kilbel,29397,Fernet Buhero Negro 450 Ml,7395.0,16433.33,,,6111.57,,https://www.kilbelonline.com/bebidas/aperitivos/fernet/fernet-buhero-negro-450-ml/art_29397/
2026-09-28T09:15:43,Kilbel,20533,Fernet Branca 750 Ml,19700.0,26266.67,,,16280.99,,https://www.kilbelonline.com/bebidas/aperitivos/fernet/fernet-branca-750-ml/art_20533/
2026-09-28T09:15:43,Kilbel,23681,Fernet speciale Vittone 750 Ml,7690.0,10253.33,,,6355.37,,https://www.kilbelonline.com/bebidas/aperitivos/fernet/fernet-speciale-vittone-750-ml/art_23681/
2026-09-28T09:15:43,Kilbel,26387,Fernet Branca 1 Lt,27250.0,27250.0,,,22520.66,,https://www.kilbelonline.com/bebidas/aperitivos/fernet/fernet-branca-1-lt/art_26387/
2026-09-28T09:15:43,Kilbel,20522,Fernet Branca 450 Ml,13800.0,30666.67,,,11404.96,,https://www.kilbelonline.com/bebidas/aperitivos/fernet/fernet-branca-450-ml/art_20522/
2026-09-28T09:15:43,Kilbel,26173,Fernet edición mundial Branca 750 Ml,18900.0,25200.0,,,15619.83,,https://www.kilbelonline.com/bebidas/aperitivos/fernet/fernet-edicion-mundial-branca-750-ml/art_26173/
2026-09-28T09:15:43,Kilbel,28674,Fernet edición aniversario Branca 750 Ml,18950.0,25266.67,,,15661.16,,https://www.kilbelonline.com/bebidas/aperitivos/fernet/fernet-edicion-aniversario-branca-750-ml/art_28674/
2026-09-29T09:15:09,Kilbel,26600,Yerba mate sublime Piporé 500 Gr,2670.0,4272.0,,,1765.29,,https://www.kilbelonline.com/almacen/infusiones/yerba-mate/yerba-mate-sublime-pipore-500-gr/art_26600/
2026-09-29T09:15:09,Kilbel,26601,Yerba mate despalada Piporé 500 Gr,3000.0,4800.0,,,1983.47,,https://www.kilbelonline.com/almacen/infusiones/yerba-mate/yerba-mate-despalada-pipore-500-gr/art_26601/
2026-09-29T09:15:09,Kilbel,21013,Yerba mate con palo Aguantadora 1 Kg,5000.0,4250.0,,,3512.4,,https://www.kilbelonline.com/almacen/infusiones/yerba-mate/yerba-mate-con-palo-aguantadora-1-kg/art_21013/
2026-09-29T09:15:09,Kilbel,24111,Yerba mate 4 flex con palo Taragüi 1 Kg,5000.0,4250.0,,,3512.4,,https://www.kilbelonline.com/almacen/infusiones/yerba-mate/yerba-mate-4-flex-con-palo-taraguei-1-kg/art_24111/
2026-09-29T09:15:09,Kilbel,29442,Yerba mate suave Don Basilio 500 Gr,2580.0,4386.0,,,1812.4,,https://www.kilbelonline.com/almacen/infusiones/yerba-mate/yerba-mate-suave-don-basilio-500-gr/art_29442/
2026-09-29T09:15:09,Kilbel,21039,Yerba mate especial Rosamonte 500 Gr,4100.0,6970.0,,,2880.17,,https://www.kilbelonline.com/almacen/infusiones/yerba-mate/yerba-mate-especial-rosamonte-500-gr/art_21039/
2026-09-29T09:15:09,Kilbel,21473,Yerba mate con palo Sinceridad 1 Kg,4880.0,4392.0,,,3629.75,,https://www.kilbelonline.com/almacen/infusiones/yerba-mate/yerba-mate-con-palo-sinceridad-1-kg/art_21473/
2026-09-29T09:15:09,Kilbel,28939,Yerba mate con hierbas Buenas Y Santas 500 Gr,3100.0,5580.0,,,2305.79,,https://www.kilbelonline.com/almacen/infusiones/yerba-mate/yerba-mate-con-hierbas-buenas-y-santas-500-gr/art_28939/
2026-09-29T09:15:09,Kilbel,24254,Yerba mate con hierbas serranas Cbse 1 Kg,4650.0,4185.0,,,3458.68,,https://www.kilbelonline.com/almacen/infusiones/yerba-mate/yerba-mate-con-hierbas-serranas-cbse-1-kg/art_24254/
2026-09-29T09:15:09,Kilbel,21023,Yerba mate con hierbas serranas Cbse 500 Gr,2500.0,4500.0,,,1859.5,,https://www.kilbelonline.com/almacen/infusiones/yerba-mate/yerba-mate-con-hierbas-serranas-cbse-500-gr/art_21023/
2026-09-29T09:15:09,Kilbel,21030,Yerba mate especial Rosamonte 1 Kg,7000.0,6300.0,,,5206.61,,https://www.kilbelonline.com/almacen/infusiones/yerba-mate/yerba-mate-especial-rosamonte-1-kg/art_21030/
2026-09-29T09:15:09,Kilbel,19515,Yerba mate sabor naranja Cbse 500 Gr,2500.0,4500.0,,,1859.5,,https://www.kilbelonline.com/almacen/infusiones/yerba-mate/yerba-mate-sabor-naranja-cbse-500-gr/art_19515/
2026-09-29T09:15:09,Kilbel,24113,Yerba mate 4 flex con palo Union 1 Kg,5200.0,4680.0,,,3867.77,,https://www.kilbelonline.com/almacen/infusiones/yerba-mate/yerba-mate-4-flex-con-palo-union-1-kg/art_24113/
2026-09-29T09:15:09,Kilbel,25868,Yerba mate c/palo San Javier 1 Kg,3400.0,3060.0,,,2528.93,,https://www.kilbelonline.com/almacen/infusiones/yerba-mate/yerba-mate-c-palo-san-javier-1-kg/art_25868/
2026-09-29T09:15:09,Kilbel,27202,Yerba mate Canarias 1 Kg,14800.0,13764.0,,,11375.21,,https://www.kilbelonline.com/almacen/infusiones/yerba-mate/yerba-mate-canarias-1-kg/art_27202/
2026-09-29T09:15:09,Kilbel,27085,Yerba mate orgánica intensa Pampa 500 Gr,5600.0,10640.0,,,4396.69,,https://www.kilbelonline.com/almacen/infusiones/yerba-mate/yerba-mate-organica-intensa-pampa-500-gr/art_27085/
2026-09-29T09:15:09,Kilbel,22241,Yerba mate orgánica Pampa 500 Gr,5600.0,10640.0,,,4396.69,,https://www.kilbelonline.com/almacen/infusiones/yerba-mate/yerba-mate-organica-pampa-500-gr/art_22241/
2026-09-29T09:15:09,Kilbel,27203,Yerba mate Canarias 500 Gr,7560.0,14364.0,,,5935.54,,https://www.kilbelonline.com/almacen/infusiones/yerba-mate/yerba-mate-canarias-500-gr/art_27203/
2026-09-29T09:15:09,Kilbel,21472,Yerba mate con palo Sinceridad 500 Gr,2380.0,4760.0,,,1966.94,,https://www.kilbelonline.com/almacen/infusiones/yerba-mate/yerba-mate-con-palo-sinceridad-500-gr/art_21472/
2026-09-29T09:15:09,Kilbel,28811,Yerba mate con palo Don Basilio 1 Kg,3366.0,3366.0,,,2781.82,,https://www.kilbelonline.com/almacen/infusiones/yerba-mate/yerba-mate-con-palo-don-basilio-1-kg/art_28811/
2026-09-29T09:15:09,Kilbel,21942,Yerba mate con palo selección especial Amanda 1 Kg,4114.0,4114.0,,,3400.0,,https://www.kilbelonline.com/almacen/infusiones/yerba-mate/yerba-mate-con-palo-seleccion-especial-amanda-1-kg/art_21942/
2026-09-29T09:15:09,Kilbel,26302,Yerba mate con palo Piporé 1 Kg,4024.0,4024.0,,,3325.62,,https://www.kilbelonline.com/almacen/infusiones/yerba-mate/yerba-mate-con-palo-pipore-1-kg/art_26302/
2026-09-29T09:15:09,Kilbel,28940,Yerba mate 4 flex con palo Mañanita 1 Kg,4240.0,4240.0,,,3504.13,,https://www.kilbelonline.com/almacen/infusiones/yerba-mate/yerba-mate-4-flex-con-palo-mananita-1-kg/art_28940/
2026-09-29T09:15:09,Kilbel,21467,Yerba mate tradicional con palo Amanda 1 Kg,3749.0,3749.0,,,3098.35,,https://www.kilbelonline.com/almacen/infusiones/yerba-mate/yerba-mate-tradicional-con-palo-amanda-1-kg/art_21467/
2026-09-29T09:15:09,Kilbel,21610,Yerba mate tradicional con palo Amanda 500 Gr,2032.0,4064.0,,,1679.34,,https://www.kilbelonline.com/almacen/infusiones/yerba-mate/yerba-mate-tradicional-con-palo-amanda-500-gr/art_21610/
2026-09-29T09:15:09,Kilbel,28810,Yerba mate con palo Don Basilio 500 Gr,1836.0,3672.0,,,1517.36,,https://www.kilbelonline.com/almacen/infusiones/yerba-mate/yerba-mate-con-palo-don-basilio-500-gr/art_28810/
2026-09-29T09:15:09,Kilbel,21011,Yerba mate con palo Aguantadora 500 Gr,2380.0,4760.0,,,1966.94,,https://www.kilbelonline.com/almacen/infusiones/yerba-mate/yerba-mate-con-palo-aguantadora-500-gr/art_21011/
2026-09-29T09:15:09,Kilbel,21688,Yerba mate premium Amanda 500 Gr,2958.0,5916.0,,,2444.63,,https://www.kilbelonline.com/almacen/infusiones/yerba-mate/yerba-mate-premium-amanda-500-gr/art_21688/
2026-09-29T09:15:09,Kilbel,24112,Yerba mate 4 flex con palo Union 500 Gr,2320.0,4640.0,,,1917.36,,https://www.kilbelonline.com/almacen/infusiones/yerba-mate/yerba-mate-4-flex-con-palo-union-500-gr/art_24112/
2026-09-29T09:15:09,Kilbel,29675,Yerba mate con palo Mateando 500 Gr,2320.0,4640.0,,,1917.36,,https://www.kilbelonline.com/almacen/infusiones/yerba-mate/yerba-mate-con-palo-mateando-500-gr/art_29675/
2026-09-29T09:15:09,Kilbel,23926,Yerba mate con palo Piporé 500 Gr,2048.0,4096.0,,,1692.56,,https://www.kilbelonline.com/almacen/infusiones/yerba-mate/yerba-mate-con-palo-pipore-500-gr/art_23926/
2026-09-29T09:15:09,Kilbel,21515,Yerba mate con palo selección especial Amanda 500 Gr,2278.0,4556.0,,,1882.64,,https://www.kilbelonline.com/almacen/infusiones/yerba-mate/yerba-mate-con-palo-seleccion-especial-amanda-500-gr/art_21515/
2026-09-29T09:15:09,Kilbel,21689,Yerba mate sin palo Amanda 500 Gr,2329.0,4658.0,,,1924.79,,https://www.kilbelonline.com/almacen/infusiones/yerba-mate/yerba-mate-sin-palo-amanda-500-gr/art_21689/
2026-09-29T09:15:09,Kilbel,24441,Yerba mate con palo San Javier 500 Gr,1880.0,3760.0,,,1553.72,,https://www.kilbelonline.com/almacen/infusiones/yerba-mate/yerba-mate-con-palo-san-javier-500-gr/art_24441/
2026-09-29T09:15:09,Kilbel,24214,Yerba mate Playadito 1 Kg,5260.0,5260.0,,,4347.11,,https://www.kilbelonline.com/almacen/infusiones/yerba-mate/yerba-mate-playadito-1-kg/art_24214/
2026-09-29T09:15:09,Kilbel,24213,Yerba mate con palo Playadito 500 Gr,2820.0,5640.0,,,2330.58,,https://www.kilbelonline.com/almacen/infusiones/yerba-mate/yerba-mate-con-palo-playadito-500-gr/art_24213/
2026-09-29T09:15:09,Kilbel,28812,Yerba mate seleccion especial Don Basilio 500 Gr,2180.0,4360.0,,,1801.65,,https://www.kilbelonline.com/almacen/infusiones/yerba-mate/yerba-mate-seleccion-especial-don-basilio-500-gr/art_28812/
2026-09-29T09:15:09,Kilbel,21031,Yerba mate con palo Rosamonte 1 Kg,4300.0,4300.0,,,3553.72,,https://www.kilbelonline.com/almacen/infusiones/yerba-mate/yerba-mate-con-palo-rosamonte-1-kg/art_21031/
2026-09-29T09:15:09,Kilbel,21775,Yerba mate suave Aguantadora 1 Kg,4830.0,4830.0,,,3991.74,,https://www.kilbelonline.com/almacen/infusiones/yerba-mate/yerba-mate-suave-aguantadora-1-kg/art_21775/
2026-09-29T09:15:09,Kilbel,20326,Yerba mate sabor suave Rosamonte 1 Kg,5100.0,5100.0,,,4214.88,,https://www.kilbelonline.com/almacen/infusiones/yerba-mate/yerba-mate-sabor-suave-rosamonte-1-kg/art_20326/
2026-09-29T09:15:09,Kilbel,24110,Yerba mate 4 flex con palo Taragüi 500 Gr,2700.0,5400.0,,,2231.4,,https://www.kilbelonline.com/almacen/infusiones/yerba-mate/yerba-mate-4-flex-con-palo-taraguei-500-gr/art_24110/
2026-09-29T09:15:09,Kilbel,24193,Yerba mate selección Nobleza Gaucha 1 Kg,4350.0,4350.0,,,3595.04,,https://www.kilbelonline.com/almacen/infusiones/yerba-mate/yerba-mate-seleccion-nobleza-gaucha-1-kg/art_24193/
2026-09-29T09:15:09,Kilbel,22012,Yerba mate campo La Merced 500 Gr,5730.0,11460.0,,,4735.54,,https://www.kilbelonline.com/almacen/infusiones/yerba-mate/yerba-mate-campo-la-merced-500-gr/art_22012/
2026-09-29T09:15:09,Kilbel,23941,Yerba mate selección Nobleza Gaucha 500 Gr,2290.0,4580.0,,,1892.56,,https://www.kilbelonline.com/almacen/infusiones/yerba-mate/yerba-mate-seleccion-nobleza-gaucha-500-gr/art_23941/
2026-09-29T09:15:09,Kilbel,25382,Yerba mate campo-sur La Merced 500 Gr,5730.0,11460.0,,,4735.54,,https://www.kilbelonline.com/almacen/infusiones/yerba-mate/yerba-mate-campo-sur-la-merced-500-gr/art_25382/
2026-09-29T09:15:09,Kilbel,20002,Yerba mate con hierbas serranas Piper Pol 500 Gr,1880.0,3760.0,,,1553.72,,https://www.kilbelonline.com/almacen/infusiones/yerba-mate/yerba-mate-con-hierbas-serranas-piper-pol-500-gr/art_20002/
2026-09-29T09:15:09,Kilbel,19906,Yerba mate silueta Cbse 500 Gr,2198.0,4396.0,,,1816.53,,https://www.kilbelonline.com/almacen/infusiones/yerba-mate/yerba-mate-silueta-cbse-500-gr/art_19906/
2026-09-29T09:15:09,Kilbel,20569,Yerba mate endulzada con stevia Cbse 500 Gr,2198.0,4396.0,,,1816.53,,https://www.kilbelonline.com/almacen/infusiones/yerba-mate/yerba-mate-endulzada-con-stevia-cbse-500-gr/art_20569/
2026-09-29T09:15:09,Kilbel,20570,Yerba mate regulase Cbse 500 Gr,2198.0,4396.0,,,1816.53,,https://www.kilbelonline.com/almacen/infusiones/yerba-mate/yerba-mate-regulase-cbse-500-gr/art_20570/
2026-09-29T09:15:09,Kilbel,23255,Yerba mate plus Rosamonte 500 Gr,2560.0,5120.0,,,2115.7,,https://www.kilbelonline.com/almacen/infusiones/yerba-mate/yerba-mate-plus-rosamonte-500-gr/art_23255/
2026-09-29T09:15:09,Kilbel,27329,Yerba mate serena Canarias 500 Gr,7820.0,15640.0,,,6462.81,,https://www.kilbelonline.com/almacen/infusiones/yerba-mate/yerba-mate-serena-canarias-500-gr/art_27329/
2026-09-29T09:15:09,Kilbel,20770,Yerba mate silueta con naranja Cbse 500 Gr,2198.0,4396.0,,,1816.53,,https://www.kilbelonline.com/almacen/infusiones/yerba-mate/yerba-mate-silueta-con-naranja-cbse-500-gr/art_20770/
2026-09-29T09:15:09,Kilbel,20886,Yerba mate energía guaraná Cbse 500 Gr,2198.0,4396.0,,,1816.53,,https://www.kilbelonline.com/almacen/infusiones/yerba-mate/yerba-mate-energia-guarana-cbse-500-gr/art_20886/
2026-09-29T09:15:09,Kilbel,19643,Yerba mate sabor suave Rosamonte 500 Gr,2660.0,5320.0,,,2198.35,,https://www.kilbelonline.com/almacen/infusiones/yerba-mate/yerba-mate-sabor-suave-rosamonte-500-gr/art_19643/
2026-09-29T09:15:09,Kilbel,21033,Yerba mate con palo Rosamonte 500 Gr,2300.0,4600.0,,,1900.83,,https://www.kilbelonline.com/almacen/infusiones/yerba-mate/yerba-mate-con-palo-rosamonte-500-gr/art_21033/
2026-09-29T09:15:09,Kilbel,21260,Yerba mate con palo Liebig 500 Gr,3430.0,6860.0,,,2834.71,,https://www.kilbelonline.com/almacen/infusiones/yerba-mate/yerba-mate-con-palo-liebig-500-gr/art_21260/
2026-09-29T09:15:09,Kilbel,26583,Yerba mate orgánica Amanda 500 Gr,3580.0,7160.0,,,2958.68,,https://www.kilbelonline.com/almacen/infusiones/yerba-mate/yerba-mate-organica-amanda-500-gr/art_26583/
2026-09-29T09:15:09,Kilbel,21324,Yerba mate con hierbas cuyanas Cbse 500 Gr,2198.0,4396.0,,,1816.53,,https://www.kilbelonline.com/almacen/infusiones/yerba-mate/yerba-mate-con-hierbas-cuyanas-cbse-500-gr/art_21324/
2026-09-29T09:15:09,Kilbel,26169,Yerba mate tereré Playadito 500 Gr,2811.0,5622.76,,,2323.45,,https://www.kilbelonline.com/almacen/infusiones/yerba-mate/yerba-mate-terere-playadito-500-gr/art_26169/
2026-09-29T09:15:09,Kilbel,25161,Yerba mate sabor limón Cbse 500 Gr,2198.0,4396.0,,,1816.53,,https://www.kilbelonline.com/almacen/infusiones/yerba-mate/yerba-mate-sabor-limon-cbse-500-gr/art_25161/
2026-09-29T09:15:09,Kilbel,25080,Yerba mate con palo Romance 1 Kg,1282.0,1282.0,,,1059.5,,https://www.kilbelonline.com/almacen/infusiones/yerba-mate/yerba-mate-con-palo-romance-1-kg/art_25080/
2026-09-29T09:15:09,Kilbel,24642,Yerba mate sabor jengibre Cbse 500 Gr,2198.0,4396.0,,,1816.53,,https://www.kilbelonline.com/almacen/infusiones/yerba-mate/yerba-mate-sabor-jengibre-cbse-500-gr/art_24642/
2026-09-29T09:15:09,Kilbel,21991,Yerba mate sabor frutos del bosque Cbse 500 Gr,2198.0,4396.0,,,1816.53,,https://www.kilbelonline.com/almacen/infusiones/yerba-mate/yerba-mate-sabor-frutos-del-bosque-cbse-500-gr/art_21991/
2026-09-29T09:15:09,Kilbel,23927,Yerba mate suave Piporé 1 Kg,5100.0,5100.0,,,4214.88,,https://www.kilbelonline.com/almacen/infusiones/yerba-mate/yerba-mate-suave-pipore-1-kg/art_23927/
2026-09-29T09:15:09,Kilbel,22762,Yerba mate campo-monte La Merced 500 Gr,5730.0,11460.0,,,4735.54,,https://www.kilbelonline.com/almacen/infusiones/yerba-mate/yerba-mate-campo-monte-la-merced-500-gr/art_22762/
2026-09-29T09:15:09,Kilbel,23427,Yerba mate con palo - lata Playadito 500 Gr,13413.0,26827.56,,,11085.77,,https://www.kilbelonline.com/almacen/infusiones/yerba-mate/yerba-mate-con-palo-lata-playadito-500-gr/art_23427/
2026-09-29T09:15:09,Kilbel,21113,Azúcar - bolsa Kiki 1 Kg,1290.0,1290.0,,,1066.12,,https://www.kilbelonline.com/almacen/endulzantes/azucar/azucar-bolsa-kiki-1-kg/art_21113/
2026-09-29T09:15:09,Kilbel,25321,Azucar - paq. Chango 1 Kg,1790.0,1790.0,,,1479.34,,https://www.kilbelonline.com/almacen/endulzantes/azucar/azucar-paq-chango-1-kg/art_25321/
2026-09-29T09:15:09,Kilbel,21720,Azúcar premium Chango 1 Kg,1950.0,1950.0,,,1611.57,,https://www.kilbelonline.com/almacen/endulzantes/azucar/azucar-premium-chango-1-kg/art_21720/
2026-09-29T09:15:09,Kilbel,20427,Azúcar orgánica - bolsa Chango 1 Kg,5700.0,5700.0,,,4710.74,,https://www.kilbelonline.com/almacen/endulzantes/azucar/azucar-organica-bolsa-chango-1-kg/art_20427/
2026-09-29T09:15:09,Kilbel,21141,Azúcar - sobre Chango 500 Gr,5290.0,10580.0,,,4371.9,,https://www.kilbelonline.com/almacen/endulzantes/azucar/azucar-sobre-chango-500-gr/art_21141/
2026-09-29T09:15:09,Kilbel,24783,Azúcar orgánico rubio tipo mascabo Brotes 600 Gr,6390.0,10650.0,,,5280.99,,https://www.kilbelonline.com/almacen/endulzantes/azucar/azucar-organico-rubio-tipo-mascabo-brotes-600-gr/art_24783/
2026-09-29T09:15:09,Kilbel,27207,Azúcar - paquete Fronterita 1 Kg,1198.0,1198.0,,,990.08,,https://www.kilbelonline.com/almacen/endulzantes/azucar/azucar-paquete-fronterita-1-kg/art_27207/
2026-09-29T09:15:09,Kilbel,21187,Aceite oliva virgen extra original Zuelo 500 Ml,17600.0,31680.0,,,13090.91,,https://www.kilbelonline.com/almacen/aceites-vinagres-y-aderezos/aceites-y-grasas/aceite-oliva-virgen-extra-original-zuelo-500-ml/art_21187/
2026-09-29T09:15:09,Kilbel,21188,Aceite oliva virgen extra intenso Zuelo 500 Ml,17600.0,31680.0,,,13090.91,,https://www.kilbelonline.com/almacen/aceites-vinagres-y-aderezos/aceites-y-grasas/aceite-oliva-virgen-extra-intenso-zuelo-500-ml/art_21188/
2026-09-29T09:15:09,Kilbel,21240,Aceite oliva virgen extra intenso Seis Marias 500 Ml,16000.0,30400.0,,,12561.98,,https://www.kilbelonline.com/almacen/aceites-vinagres-y-aderezos/aceites-y-grasas/aceite-oliva-virgen-extra-intenso-seis-marias-500-ml/art_21240/
2026-09-29T09:15:09,Kilbel,20661,Aceite oliva virgen extra medio Seis Marias 500 Ml,15600.0,29640.0,,,12247.93,,https://www.kilbelonline.com/almacen/aceites-vinagres-y-aderezos/aceites-y-grasas/aceite-oliva-virgen-extra-medio-seis-marias-500-ml/art_20661/
2026-09-29T09:15:09,Kilbel,23687,Aceite oliva virgen extra arauco Zuccardi 500 Ml,31500.0,59850.0,,,24731.4,,https://www.kilbelonline.com/almacen/aceites-vinagres-y-aderezos/aceites-y-grasas/aceite-oliva-virgen-extra-arauco-zuccardi-500-ml/art_23687/
2026-09-29T09:15:09,Kilbel,27431,Aceite oliva virgen extra organico Zuelo 500 Ml,17600.0,31680.0,,,13090.91,,https://www.kilbelonline.com/almacen/aceites-vinagres-y-aderezos/aceites-y-grasas/aceite-oliva-virgen-extra-organico-zuelo-500-ml/art_27431/
2026-09-29T09:15:09,Kilbel,27359,Aceite oliva suave Zuelo 500 Ml,17600.0,31680.0,,,13090.91,,https://www.kilbelonline.com/almacen/aceites-vinagres-y-aderezos/aceites-y-grasas/aceite-oliva-suave-zuelo-500-ml/art_27359/
2026-09-29T09:15:09,Kilbel,29202,Aceite oliva virgen Zuelo 250 Ml,10100.0,3636.0,,,7512.4,,https://www.kilbelonline.com/almacen/aceites-vinagres-y-aderezos/aceites-y-grasas/aceite-oliva-virgen-zuelo-250-ml/art_29202/
2026-09-29T09:15:09,Kilbel,29559,Aceite de sesamo puro - bot. Kadoya 163 Ml,21100.0,11650.31,,,15694.21,,https://www.kilbelonline.com/almacen/aceites-vinagres-y-aderezos/aceites-y-grasas/aceite-de-sesamo-puro-bot-kadoya-163-ml/art_29559/
2026-09-29T09:15:09,Kilbel,22143,Aceite uva - botella Olivi 500 Ml,9400.0,16920.0,,,6991.74,,https://www.kilbelonline.com/almacen/aceites-vinagres-y-aderezos/aceites-y-grasas/aceite-uva-botella-olivi-500-ml/art_22143/
2026-09-29T09:15:09,Kilbel,28860,Aceite de oliva - botella Olei & Co. 500 Ml,15200.0,30400.0,,,12561.98,,https://www.kilbelonline.com/almacen/aceites-vinagres-y-aderezos/aceites-y-grasas/aceite-de-oliva-botella-olei-co-500-ml/art_28860/
2026-09-29T09:15:09,Kilbel,20714,Aceite girasol Natura 900 Ml,5100.0,5666.67,,,4214.88,,https://www.kilbelonline.com/almacen/aceites-vinagres-y-aderezos/aceites-y-grasas/aceite-girasol-natura-900-ml/art_20714/
2026-09-29T09:15:09,Kilbel,20616,Aceite girasol Cocinero 1.5 Lt,7390.0,4926.67,,,6107.44,,https://www.kilbelonline.com/almacen/aceites-vinagres-y-aderezos/aceites-y-grasas/aceite-girasol-cocinero-1-5-lt/art_20616/
2026-09-29T09:15:09,Kilbel,22101,Aceite blend girasol y oliva - botella Natura 900 Ml,7120.0,7911.11,,,5884.3,,https://www.kilbelonline.com/almacen/aceites-vinagres-y-aderezos/aceites-y-grasas/aceite-blend-girasol-y-oliva-botella-natura-900-ml/art_22101/
2026-09-29T09:15:09,Kilbel,20576,Aceite girasol Cocinero 900 Ml,4660.0,5177.78,,,3851.24,,https://www.kilbelonline.com/almacen/aceites-vinagres-y-aderezos/aceites-y-grasas/aceite-girasol-cocinero-900-ml/art_20576/
2026-09-29T09:15:09,Kilbel,24903,Aceite girasol Natura 3 Lt,15790.0,5263.33,,,13049.59,,https://www.kilbelonline.com/almacen/aceites-vinagres-y-aderezos/aceites-y-grasas/aceite-girasol-natura-3-lt/art_24903/
2026-09-29T09:15:09,Kilbel,19888,Aceite girasol Cañuelas 900 Ml,4790.0,5322.22,,,3958.68,,https://www.kilbelonline.com/almacen/aceites-vinagres-y-aderezos/aceites-y-grasas/aceite-girasol-canuelas-900-ml/art_19888/
2026-09-29T09:15:09,Kilbel,24901,Aceite girasol Alsamar 1.5 Lt,5990.0,3993.33,,,4950.41,,https://www.kilbelonline.com/almacen/aceites-vinagres-y-aderezos/aceites-y-grasas/aceite-girasol-alsamar-1-5-lt/art_24901/
2026-09-29T09:15:09,Kilbel,20133,Aceite oliva extra virgen - lata Yancanelo 1 Lt,28790.0,28790.0,,,23793.39,,https://www.kilbelonline.com/almacen/aceites-vinagres-y-aderezos/aceites-y-grasas/aceite-oliva-extra-virgen-lata-yancanelo-1-lt/art_20133/
2026-09-29T09:15:09,Kilbel,23688,Aceite oliva virgen extra picual Zuccardi 500 Ml,20500.0,41000.0,,,16942.15,,https://www.kilbelonline.com/almacen/aceites-vinagres-y-aderezos/aceites-y-grasas/aceite-oliva-virgen-extra-picual-zuccardi-500-ml/art_23688/
2026-09-29T09:15:09,Kilbel,23911,Aceite oliva virgen extra genovesa Zuccardi 500 Ml,20500.0,41000.0,,,16942.15,,https://www.kilbelonline.com/almacen/aceites-vinagres-y-aderezos/aceites-y-grasas/aceite-oliva-virgen-extra-genovesa-zuccardi-500-ml/art_23911/
2026-09-29T09:15:09,Kilbel,24643,Aceite maíz Lira 900 Ml,6160.0,6844.44,,,5090.91,,https://www.kilbelonline.com/almacen/aceites-vinagres-y-aderezos/aceites-y-grasas/aceite-maiz-lira-900-ml/art_24643/
2026-09-29T09:15:09,Kilbel,24900,Aceite girasol Alsamar 3 Lt,12796.0,4265.56,,,10575.77,,https://www.kilbelonline.com/almacen/aceites-vinagres-y-aderezos/aceites-y-grasas/aceite-girasol-alsamar-3-lt/art_24900/
2026-09-29T09:15:09,Kilbel,21183,Aceite girasol y oliva Copisi 900 Ml,6250.0,6944.44,,,5165.29,,https://www.kilbelonline.com/almacen/aceites-vinagres-y-aderezos/aceites-y-grasas/aceite-girasol-y-oliva-copisi-900-ml/art_21183/
2026-09-29T09:15:09,Kilbel,24905,Aceite maíz Arcor 890 Ml,6490.0,7292.13,,,5363.64,,https://www.kilbelonline.com/almacen/aceites-vinagres-y-aderezos/aceites-y-grasas/aceite-maiz-arcor-890-ml/art_24905/
2026-09-29T09:15:09,Kilbel,20282,Aceite oliva extra virgen - lata Yancanelo 500 Ml,16390.0,32780.0,,,13545.45,,https://www.kilbelonline.com/almacen/aceites-vinagres-y-aderezos/aceites-y-grasas/aceite-oliva-extra-virgen-lata-yancanelo-500-ml/art_20282/
2026-09-29T09:15:09,Kilbel,25613,Aceite oliva Seis Marias 500 Ml,10800.0,21600.0,,,8925.62,,https://www.kilbelonline.com/almacen/aceites-vinagres-y-aderezos/aceites-y-grasas/aceite-oliva-seis-marias-500-ml/art_25613/
2026-09-29T09:15:09,Kilbel,27178,Aceite girasol Legítimo 900 Ml,4150.0,4611.11,,,3429.75,,https://www.kilbelonline.com/almacen/aceites-vinagres-y-aderezos/aceites-y-grasas/aceite-girasol-legitimo-900-ml/art_27178/
2026-09-29T09:15:09,Kilbel,27177,Aceite girasol Legítimo 1.5 Lt,6740.0,4493.33,,,5570.25,,https://www.kilbelonline.com/almacen/aceites-vinagres-y-aderezos/aceites-y-grasas/aceite-girasol-legitimo-1-5-lt/art_27177/
2026-09-29T09:15:09,Kilbel,21012,Aceite oliva virgen extra - botella Cocinero 500 Ml,11995.0,23990.0,,,9913.22,,https://www.kilbelonline.com/almacen/aceites-vinagres-y-aderezos/aceites-y-grasas/aceite-oliva-virgen-extra-botella-cocinero-500-ml/art_21012/
2026-09-29T09:15:09,Kilbel,24906,Rocío vegetal - aerosol Fritolim 120 Gr,4139.0,3449.17,,,3420.66,,https://www.kilbelonline.com/almacen/aceites-vinagres-y-aderezos/aceites-y-grasas/rocio-vegetal-aerosol-fritolim-120-gr/art_24906/
2026-09-29T09:15:09,Kilbel,27174,Aceite girasol Cañuelas 1.5 Lt,7490.0,4993.33,,,6190.08,,https://www.kilbelonline.com/almacen/aceites-vinagres-y-aderezos/aceites-y-grasas/aceite-girasol-canuelas-1-5-lt/art_27174/
2026-09-29T09:15:09,Kilbel,20031,Rocío vegetal - aerosol Natura 120 Gr,4950.0,4125.0,,,4090.91,,https://www.kilbelonline.com/almacen/aceites-vinagres-y-aderezos/aceites-y-grasas/rocio-vegetal-aerosol-natura-120-gr/art_20031/
2026-09-29T09:15:09,Kilbel,28826,Aceite girasol Legítimo 3 Lt,13790.0,4596.67,,,11396.69,,https://www.kilbelonline.com/almacen/aceites-vinagres-y-aderezos/aceites-y-grasas/aceite-girasol-legitimo-3-lt/art_28826/
2026-09-29T09:15:09,Kilbel,28091,Aceite oliva virgen Cocinero 500 Ml,10150.0,20300.0,,,8388.43,,https://www.kilbelonline.com/almacen/aceites-vinagres-y-aderezos/aceites-y-grasas/aceite-oliva-virgen-cocinero-500-ml/art_28091/
2026-09-29T09:15:09,Kilbel,26398,Aceite oliva virgen extra medio - pet Seis Marias 1 Lt,24900.0,24900.0,,,20578.51,,https://www.kilbelonline.com/almacen/aceites-vinagres-y-aderezos/aceites-y-grasas/aceite-oliva-virgen-extra-medio-pet-seis-marias-1-lt/art_26398/
2026-09-29T09:15:09,Kilbel,24907,Grasa bovina Ursella 1 Kg,6990.0,6990.0,,,5776.86,,https://www.kilbelonline.com/almacen/aceites-vinagres-y-aderezos/aceites-y-grasas/grasa-bovina-ursella-1-kg/art_24907/
2026-09-29T09:15:09,Kilbel,27184,Aceite de maíz Mazola 900 Ml,5565.0,6183.33,,,4599.17,,https://www.kilbelonline.com/almacen/aceites-vinagres-y-aderezos/aceites-y-grasas/aceite-de-maiz-mazola-900-ml/art_27184/
2026-09-29T09:15:09,Kilbel,25434,Rocio vegetal maíz - aerosol Mazola 126 Cm3,5745.0,4559.52,,,4747.93,,https://www.kilbelonline.com/almacen/aceites-vinagres-y-aderezos/aceites-y-grasas/rocio-vegetal-maiz-aerosol-mazola-126-cm3/art_25434/
2026-09-29T09:15:09,Kilbel,25014,Rocio vegetal oliva - aerosol Fritolim 120 Gr,5140.0,4283.33,,,4247.93,,https://www.kilbelonline.com/almacen/aceites-vinagres-y-aderezos/aceites-y-grasas/rocio-vegetal-oliva-aerosol-fritolim-120-gr/art_25014/
2026-09-29T09:15:09,Kilbel,26921,Aceite oliva virgen extra medio - botella Seis Marias 250 Ml,9340.0,3736.0,,,7719.01,,https://www.kilbelonline.com/almacen/aceites-vinagres-y-aderezos/aceites-y-grasas/aceite-oliva-virgen-extra-medio-botella-seis-marias-250-ml/art_26921/
2026-09-29T09:15:09,Kilbel,27446,Aceite oliva coratina Zuccardi 500 Ml,20500.0,41000.0,,,16942.15,,https://www.kilbelonline.com/almacen/aceites-vinagres-y-aderezos/aceites-y-grasas/aceite-oliva-coratina-zuccardi-500-ml/art_27446/
2026-09-29T09:15:09,Kilbel,19823,Grasa porcina Ursella 500 Gr,3040.0,6080.0,,,2512.4,,https://www.kilbelonline.com/almacen/aceites-vinagres-y-aderezos/aceites-y-grasas/grasa-porcina-ursella-500-gr/art_19823/
2026-09-29T09:15:09,Kilbel,28859,Aceite de oliva jarra Olei & Co. 500 Ml,24000.0,48000.0,,,19834.71,,https://www.kilbelonline.com/almacen/aceites-vinagres-y-aderezos/aceites-y-grasas/aceite-de-oliva-jarra-olei-co-500-ml/art_28859/
2026-09-29T09:15:09,Kilbel,28387,Aceite girasol Legítimo 5 Lt,22770.0,4554.0,,,18818.18,,https://www.kilbelonline.com/almacen/aceites-vinagres-y-aderezos/aceites-y-grasas/aceite-girasol-legitimo-5-lt/art_28387/
2026-09-29T09:15:09,Kilbel,28385,Aceite mezcla Golden Chef 900 Ml,2990.0,3322.22,,,2471.07,,https://www.kilbelonline.com/almacen/aceites-vinagres-y-aderezos/aceites-y-grasas/aceite-mezcla-golden-chef-900-ml/art_28385/
2026-09-29T09:15:09,Kilbel,27427,Aceite girasol Cañuelas 5 Lt,25660.0,5132.0,,,21206.61,,https://www.kilbelonline.com/almacen/aceites-vinagres-y-aderezos/aceites-y-grasas/aceite-girasol-canuelas-5-lt/art_27427/
2026-09-29T09:15:09,Kilbel,27209,Aceite mezcla Siglo De Oro 900 Ml,2990.0,3322.22,,,2471.07,,https://www.kilbelonline.com/almacen/aceites-vinagres-y-aderezos/aceites-y-grasas/aceite-mezcla-siglo-de-oro-900-ml/art_27209/
2026-09-29T09:15:09,Kilbel,26833,Aceite oliva virgen extra medio - bidón Seis Marias 2 Lt,47500.0,23750.0,,,39256.2,,https://www.kilbelonline.com/almacen/aceites-vinagres-y-aderezos/aceites-y-grasas/aceite-oliva-virgen-extra-medio-bidon-seis-marias-2-lt/art_26833/
2026-09-29T09:15:09,Kilbel,22214,Rocio vegetal oliva - aerosol Natura 120 Gr,6605.0,5504.17,,,5458.68,,https://www.kilbelonline.com/almacen/aceites-vinagres-y-aderezos/aceites-y-grasas/rocio-vegetal-oliva-aerosol-natura-120-gr/art_22214/
2026-09-29T09:15:09,Kilbel,23638,Leche larga vida descremada zero lactosa - botella La Serenisima 1 Lt,2980.0,2533.0,,,2533.0,,https://www.kilbelonline.com/lacteos/leches/leche-larga-vida-descremada-zero-lactosa-botella-la-serenisima-1-lt/art_23638/
2026-09-29T09:15:09,Kilbel,23034,Leche larga vida reducida en lactosa - tetra Ilolay 1 Lt,2580.0,2193.0,,,2193.0,,https://www.kilbelonline.com/lacteos/leches/leche-larga-vida-reducida-en-lactosa-tetra-ilolay-1-lt/art_23034/
2026-09-29T09:15:09,Kilbel,19869,Leche larga vida descremada - tetra Ilolay 1 Lt,2100.0,1890.0,,,1890.0,,https://www.kilbelonline.com/lacteos/leches/leche-larga-vida-descremada-tetra-ilolay-1-lt/art_19869/
2026-09-29T09:15:09,Kilbel,19536,Leche larga vida entera - tetra Ilolay 1 Lt,2100.0,1890.0,,,1890.0,,https://www.kilbelonline.com/lacteos/leches/leche-larga-vida-entera-tetra-ilolay-1-lt/art_19536/
2026-09-29T09:15:09,Kilbel,21834,Leche larga vida descremada - tetra Tregar 1 Lt,1980.0,1881.0,,,1881.0,,https://www.kilbelonline.com/lacteos/leches/leche-larga-vida-descremada-tetra-tregar-1-lt/art_21834/
2026-09-29T09:15:09,Kilbel,21835,Leche larga vida entera - tetra Tregar 1 Lt,1980.0,1881.0,,,1881.0,,https://www.kilbelonline.com/lacteos/leches/leche-larga-vida-entera-tetra-tregar-1-lt/art_21835/
2026-09-29T09:15:09,Kilbel,23715,Leche larga vida 0% - tetra Tregar 1 Lt,1980.0,1881.0,,,1881.0,,https://www.kilbelonline.com/lacteos/leches/leche-larga-vida-0-tetra-tregar-1-lt/art_23715/
2026-09-29T09:15:09,Kilbel,26243,Leche larga vida protein La Serenisima 1 Lt,2980.0,2533.0,,,2533.0,,https://www.kilbelonline.com/lacteos/leches/leche-larga-vida-protein-la-serenisima-1-lt/art_26243/
2026-09-29T09:15:09,Kilbel,29660,Leche larga vida proteina - tetra Ilolay 1 Lt,2580.0,2193.0,,,2193.0,,https://www.kilbelonline.com/lacteos/leches/leche-larga-vida-proteina-tetra-ilolay-1-lt/art_29660/
2026-09-29T09:15:09,Kilbel,29203,Leche larga vida 0% lactosa - tetra Las Tres Niñas 1 Lt,2480.0,2232.0,,,2232.0,,https://www.kilbelonline.com/lacteos/leches/leche-larga-vida-0-lactosa-tetra-las-tres-ninas-1-lt/art_29203/
2026-09-29T09:15:09,Kilbel,27179,Leche entera - sachet Ramolac 1 Lt,1760.0,1584.0,,,1584.0,,https://www.kilbelonline.com/lacteos/leches/leche-entera-sachet-ramolac-1-lt/art_27179/
2026-09-29T09:15:09,Kilbel,26877,Leche larga vida barista - botella La Serenisima 1 Lt,2980.0,2682.0,,,2682.0,,https://www.kilbelonline.com/lacteos/leches/leche-larga-vida-barista-botella-la-serenisima-1-lt/art_26877/
2026-09-29T09:15:09,Kilbel,27180,Leche descremada - sachet Ramolac 1 Lt,1760.0,1584.0,,,1584.0,,https://www.kilbelonline.com/lacteos/leches/leche-descremada-sachet-ramolac-1-lt/art_27180/
2026-09-29T09:15:09,Kilbel,23689,Leche polvo instantánea descremada 30x5gr sobres Purisima 150 Gr,5680.0,3408.0,,,4224.79,,https://www.kilbelonline.com/lacteos/leches/leche-polvo-instantanea-descremada-30x5gr-sobres-purisima-150-gr/art_23689/
2026-09-29T09:15:09,Kilbel,26156,Leche larga vida con prebióticos La Serenisima 1 Lt,2980.0,2682.0,,,2682.0,,https://www.kilbelonline.com/lacteos/leches/leche-larga-vida-con-prebioticos-la-serenisima-1-lt/art_26156/
2026-09-29T09:15:09,Kilbel,26089,Leche chocolatada Nesquik 200 Ml,1540.0,693.0,,,1145.45,,https://www.kilbelonline.com/lacteos/leches/leche-chocolatada-nesquik-200-ml/art_26089/
2026-09-29T09:15:09,Kilbel,29204,Leche larga vida con proteina - tetra Las Tres Niñas 1 Lt,2480.0,2232.0,,,2232.0,,https://www.kilbelonline.com/lacteos/leches/leche-larga-vida-con-proteina-tetra-las-tres-ninas-1-lt/art_29204/
2026-09-29T09:15:09,Kilbel,26785,Leche polvo instantánea extra calcio - bolsa Svelty 750 Gr,15300.0,18360.0,,,11380.17,,https://www.kilbelonline.com/lacteos/leches/leche-polvo-instantanea-extra-calcio-bolsa-svelty-750-gr/art_26785/
2026-09-29T09:15:09,Kilbel,25402,Leche modificada polvo infantíl - caja Purisima 800 Gr,11700.0,13162.5,,,8702.48,,https://www.kilbelonline.com/lacteos/leches/leche-modificada-polvo-infantil-caja-purisima-800-gr/art_25402/
2026-09-29T09:15:09,Kilbel,24624,Leche polvo organica - lata Svelty 370 Gr,9000.0,21891.89,,,6694.21,,https://www.kilbelonline.com/lacteos/leches/leche-polvo-organica-lata-svelty-370-gr/art_24624/
2026-09-29T09:15:09,Kilbel,23513,Leche polvo instantánea 0% - pouch Purisima 800 Gr,13140.0,14782.5,,,9773.55,,https://www.kilbelonline.com/lacteos/leches/leche-polvo-instantanea-0-pouch-purisima-800-gr/art_23513/
2026-09-29T09:15:09,Kilbel,23510,Leche polvo instantánea entera - caja Purisima 800 Gr,13050.0,14681.25,,,9706.61,,https://www.kilbelonline.com/lacteos/leches/leche-polvo-instantanea-entera-caja-purisima-800-gr/art_23510/
2026-09-29T09:15:09,Kilbel,21552,Leche polvo forti grow Nido 750 Gr,15000.0,19000.0,,,11776.86,,https://www.kilbelonline.com/lacteos/leches/leche-polvo-forti-grow-nido-750-gr/art_21552/
2026-09-29T09:15:09,Kilbel,23511,Leche polvo 0% lactosa - caja Purisima 400 Gr,7220.0,17147.5,,,5668.6,,https://www.kilbelonline.com/lacteos/leches/leche-polvo-0-lactosa-caja-purisima-400-gr/art_23511/
2026-09-29T09:15:09,Kilbel,22709,Leche larga vida clásica 3% - tetra La Serenisima 1 Lt,2198.0,2198.0,,,2198.0,,https://www.kilbelonline.com/lacteos/leches/leche-larga-vida-clasica-3-tetra-la-serenisima-1-lt/art_22709/
2026-09-29T09:15:09,Kilbel,22754,Leche larga vida 0% lactosa - tetra Tregar 1 Lt,2570.0,2570.0,,,2570.0,,https://www.kilbelonline.com/lacteos/leches/leche-larga-vida-0-lactosa-tetra-tregar-1-lt/art_22754/
2026-09-29T09:15:09,Kilbel,19866,Leche chocolatada Ilolay Kids 1 Lt,3520.0,3520.0,,,2909.09,,https://www.kilbelonline.com/lacteos/leches/leche-chocolatada-ilolay-kids-1-lt/art_19866/
2026-09-29T09:15:09,Kilbel,23447,Leche chocolatada Tregar 1 Lt,3830.0,3830.0,,,3165.29,,https://www.kilbelonline.com/lacteos/leches/leche-chocolatada-tregar-1-lt/art_23447/
2026-09-29T09:15:09,Kilbel,22710,Leche larga vida liviana 1% - tetra La Serenisima 1 Lt,2198.0,2198.0,,,2198.0,,https://www.kilbelonline.com/lacteos/leches/leche-larga-vida-liviana-1-tetra-la-serenisima-1-lt/art_22710/
2026-09-29T09:15:09,Kilbel,22645,Leche chocolatada Tregar 200 Ml,1495.0,747.5,,,1235.54,,https://www.kilbelonline.com/lacteos/leches/leche-chocolatada-tregar-200-ml/art_22645/
2026-09-29T09:15:09,Kilbel,22527,Leche chocolatada Ilolay Kids 200 Ml,1550.0,775.0,,,1280.99,,https://www.kilbelonline.com/lacteos/leches/leche-chocolatada-ilolay-kids-200-ml/art_22527/
2026-09-29T09:15:09,Kilbel,27635,Leche larga vida descremada - tetra pack Apostoles 1 Lt,1790.0,1790.0,,,1790.0,,https://www.kilbelonline.com/lacteos/leches/leche-larga-vida-descremada-tetra-pack-apostoles-1-lt/art_27635/
2026-09-29T09:15:09,Kilbel,27634,Leche larga vida liviana 2% - tetra Apostoles 1 Lt,1790.0,1790.0,,,1790.0,,https://www.kilbelonline.com/lacteos/leches/leche-larga-vida-liviana-2-tetra-apostoles-1-lt/art_27634/
2026-09-29T09:15:09,Kilbel,22708,Leche clásica 3% - sachet La Serenisima 1 Lt,2070.0,2070.0,,,2070.0,,https://www.kilbelonline.com/lacteos/leches/leche-clasica-3-sachet-la-serenisima-1-lt/art_22708/
2026-09-29T09:15:09,Kilbel,27466,Leche polvo instantánea 0% - pouch Purisima 400 Gr,5990.0,14975.0,,,4950.41,,https://www.kilbelonline.com/lacteos/leches/leche-polvo-instantanea-0-pouch-purisima-400-gr/art_27466/
2026-09-29T09:15:09,Kilbel,26966,Leche liviana 1% - sachet La Serenisima 1 Lt,2070.0,2070.0,,,2070.0,,https://www.kilbelonline.com/lacteos/leches/leche-liviana-1-sachet-la-serenisima-1-lt/art_26966/
2026-09-29T09:15:09,Kilbel,29610,Leche latte proteina Ilolay 200 Cm3,1850.0,925.0,,,1528.93,,https://www.kilbelonline.com/lacteos/leches/leche-latte-proteina-ilolay-200-cm3/art_29610/
2026-09-29T09:15:09,Kilbel,19868,Leche polvo instantánea descremada - caja Ilolay 800 Gr,15340.0,19175.0,,,12677.69,,https://www.kilbelonline.com/lacteos/leches/leche-polvo-instantanea-descremada-caja-ilolay-800-gr/art_19868/
2026-09-29T09:15:09,Kilbel,23694,Leche polvo instantánea entera - pouch Purisima 400 Gr,5990.0,14975.0,,,4950.41,,https://www.kilbelonline.com/lacteos/leches/leche-polvo-instantanea-entera-pouch-purisima-400-gr/art_23694/
2026-09-29T09:15:09,Kilbel,28031,Formula lactea polvo 1 - lata Nidina 800 Gr,23750.0,29687.5,,,19628.1,,https://www.kilbelonline.com/lacteos/leches/formula-lactea-polvo-1-lata-nidina-800-gr/art_28031/
2026-09-29T09:15:09,Kilbel,20532,Leche modificada polvo instantánea entera - bolsa La Lechera 800 Gr,12600.0,15750.0,,,10413.22,,https://www.kilbelonline.com/lacteos/leches/leche-modificada-polvo-instantanea-entera-bolsa-la-lechera-800-gr/art_20532/
2026-09-29T09:15:09,Kilbel,23864,Leche polvo entera zero lactosa - caja La Serenisima 400 Gr,9970.0,24925.0,,,8239.67,,https://www.kilbelonline.com/lacteos/leches/leche-polvo-entera-zero-lactosa-caja-la-serenisima-400-gr/art_23864/
2026-09-29T09:15:09,Kilbel,28153,Leche polvo 0% grasa zero lactosa La Serenisima 400 Gr,9970.0,24925.0,,,8239.67,,https://www.kilbelonline.com/lacteos/leches/leche-polvo-0-grasa-zero-lactosa-la-serenisima-400-gr/art_28153/
2026-09-29T09:15:09,Kilbel,27469,Leche polvo instantánea move extra calcio - bolsa Svelty 370 Gr,7490.0,20243.24,,,6190.08,,https://www.kilbelonline.com/lacteos/leches/leche-polvo-instantanea-move-extra-calcio-bolsa-svelty-370-gr/art_27469/
2026-09-29T09:15:09,Kilbel,28333,Leche polvo instantánea entera - pouch Lheritier 200 Gr,4330.0,2165.0,,,3578.51,,https://www.kilbelonline.com/lacteos/leches/leche-polvo-instantanea-entera-pouch-lheritier-200-gr/art_28333/
2026-09-29T09:15:09,Kilbel,21824,Leche polvo instantánea descremada - caja Ilolay 400 Gr,8330.0,20825.0,,,6884.3,,https://www.kilbelonline.com/lacteos/leches/leche-polvo-instantanea-descremada-caja-ilolay-400-gr/art_21824/
2026-09-29T09:15:09,Kilbel,29611,Leche chocolatada proteinas - tetra Ilolay 200 Cm3,1850.0,925.0,,,1528.93,,https://www.kilbelonline.com/lacteos/leches/leche-chocolatada-proteinas-tetra-ilolay-200-cm3/art_29611/
2026-09-29T09:15:09,Kilbel,24625,Leche polvo 0% lactosa Nido 350 Gr,9235.0,26385.71,,,7632.23,,https://www.kilbelonline.com/lacteos/leches/leche-polvo-0-lactosa-nido-350-gr/art_24625/
2026-09-29T09:15:09,Kilbel,29603,Leche chocolatada - tetra Cindor 1 Lt,5500.0,5500.0,,,4545.45,,https://www.kilbelonline.com/lacteos/leches/leche-chocolatada-tetra-cindor-1-lt/art_29603/
2026-09-29T09:15:09,Kilbel,29602,Leche chocolatada - tetra Cindor 200 Cm3,2200.0,1100.0,,,1818.18,,https://www.kilbelonline.com/lacteos/leches/leche-chocolatada-tetra-cindor-200-cm3/art_29602/
2026-09-29T09:15:09,Kilbel,29481,Leche zero lactosa - sachet La Serenisima 1 Lt,2350.0,2350.0,,,2350.0,,https://www.kilbelonline.com/lacteos/leches/leche-zero-lactosa-sachet-la-serenisima-1-lt/art_29481/
2026-09-29T09:15:09,Kilbel,29480,Leche protein - sachet La Serenisima 1 Lt,2350.0,2350.0,,,2350.0,,https://www.kilbelonline.com/lacteos/leches/leche-protein-sachet-la-serenisima-1-lt/art_29480/
2026-09-29T09:15:09,Kilbel,29393,Leche condensada limon Nestlé 395 Gr,4550.0,11518.99,,,3760.33,,https://www.kilbelonline.com/lacteos/leches/leche-condensada-limon-nestle-395-gr/art_29393/
2026-09-29T09:15:09,Kilbel,29207,Leche chocolatada classic Nestlé 190 Ml,1850.0,973.68,,,1528.93,,https://www.kilbelonline.com/lacteos/leches/leche-chocolatada-classic-nestle-190-ml/art_29207/
2026-09-29T09:15:09,Kilbel,19905,Leche polvo instantánea descremada 30x5gr sobres Ilolay 150 Gr,7820.0,5213.33,,,6462.81,,https://www.kilbelonline.com/lacteos/leches/leche-polvo-instantanea-descremada-30x5gr-sobres-ilolay-150-gr/art_19905/
2026-09-29T09:15:09,Kilbel,20245,Leche condensada Nestlé 395 Gr,4550.0,11518.99,,,3760.33,,https://www.kilbelonline.com/lacteos/leches/leche-condensada-nestle-395-gr/art_20245/
2026-09-29T09:15:09,Kilbel,28406,Leche larga vida con hierro - botella La Serenisima 1 Lt,2980.0,2980.0,,,2980.0,,https://www.kilbelonline.com/lacteos/leches/leche-larga-vida-con-hierro-botella-la-serenisima-1-lt/art_28406/
2026-09-29T09:15:09,Kilbel,28334,Leche polvo instánea desremada - pouch Lheritier 200 Gr,4415.0,2207.5,,,3648.76,,https://www.kilbelonline.com/lacteos/leches/leche-polvo-instanea-desremada-pouch-lheritier-200-gr/art_28334/
2026-09-29T09:15:09,Kilbel,26211,Leche chocolatada menos azúcar Nesquik 200 Ml,1390.0,695.0,,,1148.76,,https://www.kilbelonline.com/lacteos/leches/leche-chocolatada-menos-azucar-nesquik-200-ml/art_26211/
2026-09-29T09:15:09,Kilbel,21338,Leche polvo prebio 3 - lata Nido 800 Gr,18260.0,22825.0,,,15090.91,,https://www.kilbelonline.com/lacteos/leches/leche-polvo-prebio-3-lata-nido-800-gr/art_21338/
2026-09-29T09:15:09,Kilbel,28033,Formula lactea larga vida bebe 2 - tetra Nan 190 Ml,1920.0,1010.53,,,1586.78,,https://www.kilbelonline.com/lacteos/leches/formula-lactea-larga-vida-bebe-2-tetra-nan-190-ml/art_28033/
2026-09-29T09:15:09,Kilbel,28032,Formula lactea larga vida bebe 1 - tetra Nan 190 Ml,1640.0,863.16,,,1355.37,,https://www.kilbelonline.com/lacteos/leches/formula-lactea-larga-vida-bebe-1-tetra-nan-190-ml/art_28032/
2026-09-29T09:15:09,Kilbel,25428,Leche descremada 2 % ultra p.- sachet Armonia 1 Lt,1798.0,1798.0,,,1798.0,,https://www.kilbelonline.com/lacteos/leches/leche-descremada-2-ultra-p-sachet-armonia-1-lt/art_25428/
2026-09-29T09:15:09,Kilbel,27685,Leche polvo forti grow Nido 370 Gr,7800.0,21081.08,,,6446.28,,https://www.kilbelonline.com/lacteos/leches/leche-polvo-forti-grow-nido-370-gr/art_27685/
2026-09-29T09:15:09,Kilbel,25436,Leche descremada 1 % ultra p. -sachet Armonia 1 Lt,1798.0,1798.0,,,1798.0,,https://www.kilbelonline.com/lacteos/leches/leche-descremada-1-ultra-p-sachet-armonia-1-lt/art_25436/
2026-09-29T09:15:09,Kilbel,25447,Leche reducida lactosa sachet La Serenisima 1 Lt,1970.0,1970.0,,,1970.0,,https://www.kilbelonline.com/lacteos/leches/leche-reducida-lactosa-sachet-la-serenisima-1-lt/art_25447/
2026-09-29T09:15:09,Kilbel,21204,Leche condensada light Nestlé 395 Gr,4550.0,11518.99,,,3760.33,,https://www.kilbelonline.com/lacteos/leches/leche-condensada-light-nestle-395-gr/art_21204/
2026-09-29T09:15:09,Kilbel,22701,Leche polvo prebio +4 - lata Nido 800 Gr,17350.0,21687.5,,,14338.84,,https://www.kilbelonline.com/lacteos/leches/leche-polvo-prebio-4-lata-nido-800-gr/art_22701/
2026-09-29T09:15:09,Kilbel,27354,Fórmula lactea larga vida 3 - tetra Nido 200 Ml,1260.0,630.0,,,1041.32,,https://www.kilbelonline.com/lacteos/leches/formula-lactea-larga-vida-3-tetra-nido-200-ml/art_27354/
2026-09-29T09:15:09,Kilbel,27353,Leche polvo instantánea extra calcio Svelty 200 Gr,4300.0,2150.0,,,3553.72,,https://www.kilbelonline.com/lacteos/leches/leche-polvo-instantanea-extra-calcio-svelty-200-gr/art_27353/
2026-09-29T09:15:09,Kilbel,27237,Leche instantánea entera polvo - caja Franz 800 Gr,10450.0,13062.5,,,8636.36,,https://www.kilbelonline.com/lacteos/leches/leche-instantanea-entera-polvo-caja-franz-800-gr/art_27237/
2026-09-29T09:15:09,Kilbel,21196,Pan con salvado La Viecka 330 Gr,2580.0,6645.45,,,1812.4,,https://www.kilbelonline.com/panificados/pan/pan-con-salvado-la-viecka-330-gr/art_21196/
2026-09-29T09:15:09,Kilbel,21195,Pan lacteado La Viecka 330 Gr,2580.0,6645.45,,,1812.4,,https://www.kilbelonline.com/panificados/pan/pan-lacteado-la-viecka-330-gr/art_21195/
2026-09-29T09:15:09,Kilbel,28916,Pan molde salvado Facilitas 540 Gr,3700.0,6166.67,,,2752.07,,https://www.kilbelonline.com/panificados/pan/pan-molde-salvado-facilitas-540-gr/art_28916/
2026-09-29T09:15:09,Kilbel,28915,Pan molde lacteado Facilitas 540 Gr,3300.0,5500.0,,,2454.55,,https://www.kilbelonline.com/panificados/pan/pan-molde-lacteado-facilitas-540-gr/art_28915/
2026-09-29T09:15:09,Kilbel,28917,Pan molde integral con semillas andinas Facilitas 360 Gr,3330.0,8325.0,,,2476.86,,https://www.kilbelonline.com/panificados/pan/pan-molde-integral-con-semillas-andinas-facilitas-360-gr/art_28917/
2026-09-29T09:15:09,Kilbel,27774,Pan rústico multicereal La Francia 560 Gr,5990.0,9626.79,,,4455.37,,https://www.kilbelonline.com/panificados/pan/pan-rustico-multicereal-la-francia-560-gr/art_27774/
2026-09-29T09:15:09,Kilbel,27778,Pan rustico 3 harinas integrales La Francia 560 Gr,5990.0,9626.79,,,4455.37,,https://www.kilbelonline.com/panificados/pan/pan-rustico-3-harinas-integrales-la-francia-560-gr/art_27778/
2026-09-29T09:15:09,Kilbel,28918,Pan molde integral con semillas/legumbres Facilitas 360 Gr,3330.0,8325.0,,,2476.86,,https://www.kilbelonline.com/panificados/pan/pan-molde-integral-con-semillas-legumbres-facilitas-360-gr/art_28918/
2026-09-29T09:15:09,Kilbel,22138,Pan multicereal cormillot Veneziana 410 Gr,4320.0,10009.76,,,3391.74,,https://www.kilbelonline.com/panificados/pan/pan-multicereal-cormillot-veneziana-410-gr/art_22138/
2026-09-29T09:15:09,Kilbel,22136,Pan integral cormillot Veneziana 360 Gr,3350.0,8840.28,,,2630.17,,https://www.kilbelonline.com/panificados/pan/pan-integral-cormillot-veneziana-360-gr/art_22136/
2026-09-29T09:15:09,Kilbel,19673,Pan lacteado Kilbel 400 Gr,1995.0,4987.5,,,1648.76,,https://www.kilbelonline.com/panificados/pan/pan-lacteado-kilbel-400-gr/art_19673/
2026-09-29T09:15:09,Kilbel,19674,Pan lacteado con salvado Kilbel 400 Gr,1995.0,4987.5,,,1648.76,,https://www.kilbelonline.com/panificados/pan/pan-lacteado-con-salvado-kilbel-400-gr/art_19674/
2026-09-29T09:15:09,Kilbel,22135,Pan lacteado familiar Veneziana 600 Gr,4270.0,7116.67,,,3528.93,,https://www.kilbelonline.com/panificados/pan/pan-lacteado-familiar-veneziana-600-gr/art_22135/
2026-09-29T09:15:09,Kilbel,22774,Pan integral cormillot Veneziana 630 Gr,5360.0,8507.94,,,4429.75,,https://www.kilbelonline.com/panificados/pan/pan-integral-cormillot-veneziana-630-gr/art_22774/
2026-09-29T09:15:09,Kilbel,24864,Pan mauser  1 Kg,2490.0,2490.0,,,2253.39,,https://www.kilbelonline.com/panificados/pan/pan-mauser-1-kg/art_24864/
2026-09-29T09:15:09,Kilbel,24861,Pan mignon Tato 1 Kg,5650.0,5650.0,,,5113.12,,https://www.kilbelonline.com/panificados/pan/pan-mignon-tato-1-kg/art_24861/
2026-09-29T09:15:09,Kilbel,23120,Pan de campo tipo casero Veneziana 400 Gr,3540.0,8850.0,,,2925.62,,https://www.kilbelonline.com/panificados/pan/pan-de-campo-tipo-casero-veneziana-400-gr/art_23120/
2026-09-29T09:15:09,Kilbel,29286,Pan m.lacteado Fargo 370 Gr,5900.0,15945.95,,,4876.03,,https://www.kilbelonline.com/panificados/pan/pan-m-lacteado-fargo-370-gr/art_29286/
2026-09-29T09:15:09,Kilbel,24863,Pan especial Tato 1 Kg,5650.0,5650.0,,,5113.12,,https://www.kilbelonline.com/panificados/pan/pan-especial-tato-1-kg/art_24863/
2026-09-29T09:15:09,Kilbel,29293,Pan molde semillas con masa madre Oroweat 600 Gr,12200.0,20333.33,,,10082.64,,https://www.kilbelonline.com/panificados/pan/pan-molde-semillas-con-masa-madre-oroweat-600-gr/art_29293/
2026-09-29T09:15:09,Kilbel,24876,Pan baguette Kilbel 1 U,1695.0,1695.0,,,1533.94,,https://www.kilbelonline.com/panificados/pan/pan-baguette-kilbel-1-u/art_24876/
2026-09-29T09:15:09,Kilbel,27776,Pan rustico doble salvado La Francia 560 Gr,5990.0,10696.43,,,4950.41,,https://www.kilbelonline.com/panificados/pan/pan-rustico-doble-salvado-la-francia-560-gr/art_27776/
2026-09-29T09:15:09,Kilbel,23495,Pan lacteado integral Fargo 400 Gr,6600.0,16500.0,,,5454.55,,https://www.kilbelonline.com/panificados/pan/pan-lacteado-integral-fargo-400-gr/art_23495/
2026-09-29T09:15:09,Kilbel,27775,Pan rustico doble integral La Francia 560 Gr,5990.0,10696.43,,,4950.41,,https://www.kilbelonline.com/panificados/pan/pan-rustico-doble-integral-la-francia-560-gr/art_27775/
2026-09-29T09:15:09,Kilbel,27777,Pan rustico tradicional La Francia 560 Gr,5990.0,10696.43,,,4950.41,,https://www.kilbelonline.com/panificados/pan/pan-rustico-tradicional-la-francia-560-gr/art_27777/
2026-09-29T09:15:09,Kilbel,27779,Pan rustico con calabaza La Francia 560 Gr,5990.0,10696.43,,,4950.41,,https://www.kilbelonline.com/panificados/pan/pan-rustico-con-calabaza-la-francia-560-gr/art_27779/
2026-09-29T09:15:09,Kilbel,28209,Pan rustico blanco La Francia 560 Gr,5990.0,10696.43,,,4950.41,,https://www.kilbelonline.com/panificados/pan/pan-rustico-blanco-la-francia-560-gr/art_28209/
2026-09-29T09:15:09,Kilbel,19575,Pan salvado La Maria 1 Kg,3600.0,3600.0,,,3257.92,,https://www.kilbelonline.com/panificados/pan/pan-salvado-la-maria-1-kg/art_19575/
2026-09-29T09:15:09,Kilbel,23496,Pan lacteado cereales y semillas Fargo 400 Gr,6600.0,16500.0,,,5454.55,,https://www.kilbelonline.com/panificados/pan/pan-lacteado-cereales-y-semillas-fargo-400-gr/art_23496/
2026-09-29T09:15:09,Kilbel,29284,Pan molde salvado Fargo 390 Gr,6560.0,16820.51,,,5421.49,,https://www.kilbelonline.com/panificados/pan/pan-molde-salvado-fargo-390-gr/art_29284/
2026-09-29T09:15:09,Kilbel,29285,Pan molde salvado Fargo 600 Gr,8900.0,14833.33,,,7355.37,,https://www.kilbelonline.com/panificados/pan/pan-molde-salvado-fargo-600-gr/art_29285/
2026-09-29T09:15:09,Kilbel,22137,Pan trisalvado light cormillot Veneziana 360 Gr,3190.0,8861.11,,,2636.36,,https://www.kilbelonline.com/panificados/pan/pan-trisalvado-light-cormillot-veneziana-360-gr/art_22137/
2026-09-29T09:15:09,Kilbel,29294,Pan molde artesano brioche Bimbo 500 Gr,10300.0,20600.0,,,8512.4,,https://www.kilbelonline.com/panificados/pan/pan-molde-artesano-brioche-bimbo-500-gr/art_29294/
2026-09-29T09:15:09,Kilbel,23236,Cerveza rubia - lata Warsteiner 473 Cm3,3750.0,5285.41,,,3099.17,3,https://www.kilbelonline.com/bebidas/cervezas/cerveza-rubia-lata-warsteiner-473-cm3/art_23236/
2026-09-29T09:15:09,Kilbel,23578,Cerveza roja amber lager - lata Imperial 473 Cm3,3000.0,4228.33,,,2479.34,3,https://www.kilbelonline.com/bebidas/cervezas/cerveza-roja-amber-lager-lata-imperial-473-cm3/art_23578/
2026-09-29T09:15:09,Kilbel,23208,Cerveza rubia lata x473 pack Warsteiner 6 U,22500.0,2500.0,,,18595.04,3,https://www.kilbelonline.com/bebidas/cervezas/cerveza-rubia-lata-x473-pack-warsteiner-6-u/art_23208/
2026-09-29T09:15:09,Kilbel,22926,Cerveza rubia - botella Miller 330 Cm3,3600.0,5454.55,,,2975.21,2,https://www.kilbelonline.com/bebidas/cervezas/cerveza-rubia-botella-miller-330-cm3/art_22926/
2026-09-29T09:15:09,Kilbel,22717,Cerveza rubia - lata Imperial 473 Cm3,3000.0,4228.33,,,2479.34,3,https://www.kilbelonline.com/bebidas/cervezas/cerveza-rubia-lata-imperial-473-cm3/art_22717/
2026-09-29T09:15:09,Kilbel,24155,Cerveza rubia golden - lata Imperial 473 Cm3,3000.0,4228.33,,,2479.34,3,https://www.kilbelonline.com/bebidas/cervezas/cerveza-rubia-golden-lata-imperial-473-cm3/art_24155/
2026-09-29T09:15:09,Kilbel,25501,Cerveza rubia lata x473 pack Imperial 6 U,18000.0,2000.0,,,14876.03,3,https://www.kilbelonline.com/bebidas/cervezas/cerveza-rubia-lata-x473-pack-imperial-6-u/art_25501/
2026-09-29T09:15:09,Kilbel,25593,Cerveza kolsch - lata Antares 473 Cm3,3700.0,6649.05,,,2599.17,,https://www.kilbelonline.com/bebidas/cervezas/cerveza-kolsch-lata-antares-473-cm3/art_25593/
2026-09-29T09:15:09,Kilbel,25624,Cerveza honey - lata Antares 473 Cm3,3700.0,6649.05,,,2599.17,,https://www.kilbelonline.com/bebidas/cervezas/cerveza-honey-lata-antares-473-cm3/art_25624/
2026-09-29T09:15:09,Kilbel,25665,Cerveza scotch - lata Antares 473 Cm3,3700.0,6649.05,,,2599.17,,https://www.kilbelonline.com/bebidas/cervezas/cerveza-scotch-lata-antares-473-cm3/art_25665/
2026-09-29T09:15:09,Kilbel,25666,Cerveza caravana - lata Antares 473 Cm3,3700.0,6649.05,,,2599.17,,https://www.kilbelonline.com/bebidas/cervezas/cerveza-caravana-lata-antares-473-cm3/art_25666/
2026-09-29T09:15:09,Kilbel,21178,Cerveza retornable rubia Quilmes B.cero 1 Lt,4000.0,3600.0,,,2975.21,,https://www.kilbelonline.com/bebidas/cervezas/cerveza-retornable-rubia-quilmes-b-cero-1-lt/art_21178/
2026-09-29T09:15:09,Kilbel,25156,Cerveza retornable rubia Heineken 1 Lt,6500.0,5850.0,,,4834.71,,https://www.kilbelonline.com/bebidas/cervezas/cerveza-retornable-rubia-heineken-1-lt/art_25156/
2026-09-29T09:15:09,Kilbel,20590,Cerveza retornable rubia Schneider 1 Lt,4600.0,4140.0,,,3421.49,,https://www.kilbelonline.com/bebidas/cervezas/cerveza-retornable-rubia-schneider-1-lt/art_20590/
2026-09-29T09:15:09,Kilbel,22848,Cerveza negra - lata Quilmes Stout 473 Cm3,2600.0,4947.15,,,1933.88,,https://www.kilbelonline.com/bebidas/cervezas/cerveza-negra-lata-quilmes-stout-473-cm3/art_22848/
2026-09-29T09:15:09,Kilbel,20928,Cerveza rubia - botella Corona 330 Cm3,3700.0,10090.91,,,2752.07,,https://www.kilbelonline.com/bebidas/cervezas/cerveza-rubia-botella-corona-330-cm3/art_20928/
2026-09-29T09:15:09,Kilbel,22849,Cerveza negra lata x473 pack Quilmes Stout 6 U,15600.0,2340.0,,,11603.31,,https://www.kilbelonline.com/bebidas/cervezas/cerveza-negra-lata-x473-pack-quilmes-stout-6-u/art_22849/
2026-09-29T09:15:09,Kilbel,20494,Cerveza retornable negra Quilmes Stout 1 Lt,4900.0,4410.0,,,3644.63,,https://www.kilbelonline.com/bebidas/cervezas/cerveza-retornable-negra-quilmes-stout-1-lt/art_20494/
2026-09-29T09:15:09,Kilbel,22880,Cerveza rubia botella x330 pack Corona 6 U,22200.0,3330.0,,,16512.4,,https://www.kilbelonline.com/bebidas/cervezas/cerveza-rubia-botella-x330-pack-corona-6-u/art_22880/
2026-09-29T09:15:09,Kilbel,23235,Cerveza rubia - lata Grolsch 473 Cm3,3800.0,7230.45,,,2826.45,,https://www.kilbelonline.com/bebidas/cervezas/cerveza-rubia-lata-grolsch-473-cm3/art_23235/
2026-09-29T09:15:09,Kilbel,24749,Cerveza rubia - lata Salta 473 Cm3,2800.0,5327.69,,,2082.64,,https://www.kilbelonline.com/bebidas/cervezas/cerveza-rubia-lata-salta-473-cm3/art_24749/
2026-09-29T09:15:09,Kilbel,23201,Cerveza ipa - lata Imperial 473 Cm3,3000.0,6025.37,,,2355.37,,https://www.kilbelonline.com/bebidas/cervezas/cerveza-ipa-lata-imperial-473-cm3/art_23201/
2026-09-29T09:15:09,Kilbel,25509,Cerveza golden lata x473 pack Imperial 6 U,18000.0,2850.0,,,14132.23,,https://www.kilbelonline.com/bebidas/cervezas/cerveza-golden-lata-x473-pack-imperial-6-u/art_25509/
2026-09-29T09:15:09,Kilbel,20978,Cerveza rubia - lata Schneider 473 Cm3,1875.0,3964.06,,,1549.59,,https://www.kilbelonline.com/bebidas/cervezas/cerveza-rubia-lata-schneider-473-cm3/art_20978/
2026-09-29T09:15:09,Kilbel,25057,Cerveza retornable rubia Budweiser 1 Lt,3995.0,3995.0,,,3301.65,,https://www.kilbelonline.com/bebidas/cervezas/cerveza-retornable-rubia-budweiser-1-lt/art_25057/
2026-09-29T09:15:09,Kilbel,22810,Cerveza negra stout - lata Imperial 473 Cm3,2400.0,5074.0,,,1983.47,,https://www.kilbelonline.com/bebidas/cervezas/cerveza-negra-stout-lata-imperial-473-cm3/art_22810/
2026-09-29T09:15:09,Kilbel,20349,Cerveza retornable rubia Stella Artois 975 Cm3,5100.0,5230.77,,,4214.88,,https://www.kilbelonline.com/bebidas/cervezas/cerveza-retornable-rubia-stella-artois-975-cm3/art_20349/
2026-09-29T09:15:09,Kilbel,22416,Cerveza rubia - lata Heineken 473 Cm3,2925.0,6183.93,,,2417.36,,https://www.kilbelonline.com/bebidas/cervezas/cerveza-rubia-lata-heineken-473-cm3/art_22416/
2026-09-29T09:15:09,Kilbel,24331,Cerveza retornable lager Amstel 1 Lt,3520.0,3520.0,,,2909.09,,https://www.kilbelonline.com/bebidas/cervezas/cerveza-retornable-lager-amstel-1-lt/art_24331/
2026-09-29T09:15:09,Kilbel,25662,Cerveza lager lata x473 pack Amstel 6 U,13470.0,2245.0,,,11132.23,,https://www.kilbelonline.com/bebidas/cervezas/cerveza-lager-lata-x473-pack-amstel-6-u/art_25662/
2026-09-29T09:15:09,Kilbel,22912,Cerveza rubia - lata Santa Fe 473 Cm3,1990.0,4207.19,,,1644.63,,https://www.kilbelonline.com/bebidas/cervezas/cerveza-rubia-lata-santa-fe-473-cm3/art_22912/
2026-09-29T09:15:09,Kilbel,23591,Cerveza rubia - lata Imperial 710 Cm3,3400.0,4788.73,,,2809.92,,https://www.kilbelonline.com/bebidas/cervezas/cerveza-rubia-lata-imperial-710-cm3/art_23591/
2026-09-29T09:15:09,Kilbel,24513,Cerveza pilsen - lata Santa Fe 473 Cm3,1990.0,4207.19,,,1644.63,,https://www.kilbelonline.com/bebidas/cervezas/cerveza-pilsen-lata-santa-fe-473-cm3/art_24513/
2026-09-29T09:15:09,Kilbel,22357,Cerveza retornable rubia Grolsch 925 Ml,4340.0,4691.89,,,3586.78,,https://www.kilbelonline.com/bebidas/cervezas/cerveza-retornable-rubia-grolsch-925-ml/art_22357/
2026-09-29T09:15:09,Kilbel,23592,Cerveza rubia - lata Heineken 710 Cm3,4560.0,6422.54,,,3768.6,,https://www.kilbelonline.com/bebidas/cervezas/cerveza-rubia-lata-heineken-710-cm3/art_23592/
2026-09-29T09:15:09,Kilbel,23421,Cerveza apa - lata Imperial 473 Cm3,2400.0,5074.0,,,1983.47,,https://www.kilbelonline.com/bebidas/cervezas/cerveza-apa-lata-imperial-473-cm3/art_23421/
2026-09-29T09:15:09,Kilbel,22972,Cerveza rubia lata x473 pack Heineken 6 U,17550.0,2925.0,,,14504.13,,https://www.kilbelonline.com/bebidas/cervezas/cerveza-rubia-lata-x473-pack-heineken-6-u/art_22972/
2026-09-29T09:15:09,Kilbel,22750,Cerveza rubia - lata Stella Artois 473 Cm3,3040.0,6427.06,,,2512.4,,https://www.kilbelonline.com/bebidas/cervezas/cerveza-rubia-lata-stella-artois-473-cm3/art_22750/
2026-09-29T09:15:09,Kilbel,24512,Cerveza retornable pilsen Santa Fe 1 Lt,3900.0,3900.0,,,3223.14,,https://www.kilbelonline.com/bebidas/cervezas/cerveza-retornable-pilsen-santa-fe-1-lt/art_24512/
2026-09-29T09:15:09,Kilbel,19659,Cerveza rubia - lata Quilmes Clasica 473 Cm3,2090.0,4418.6,,,1727.27,,https://www.kilbelonline.com/bebidas/cervezas/cerveza-rubia-lata-quilmes-clasica-473-cm3/art_19659/
2026-09-29T09:15:09,Kilbel,20848,Cerveza rubia - botella Heineken 330 Ml,3400.0,10303.03,,,2809.92,,https://www.kilbelonline.com/bebidas/cervezas/cerveza-rubia-botella-heineken-330-ml/art_20848/
2026-09-29T09:15:09,Kilbel,21637,Cerveza retornable rubia Miller 1 Lt,4050.0,4050.0,,,3347.11,,https://www.kilbelonline.com/bebidas/cervezas/cerveza-retornable-rubia-miller-1-lt/art_21637/
2026-09-29T09:15:09,Kilbel,22665,Cerveza retornable rubia - botella Imperial 1 Lt,3900.0,3900.0,,,3223.14,,https://www.kilbelonline.com/bebidas/cervezas/cerveza-retornable-rubia-botella-imperial-1-lt/art_22665/
2026-09-29T09:15:09,Kilbel,22796,Cerveza rubia lata x473 pack Stella Artois 6 U,18240.0,3040.0,,,15074.38,,https://www.kilbelonline.com/bebidas/cervezas/cerveza-rubia-lata-x473-pack-stella-artois-6-u/art_22796/
2026-09-29T09:15:09,Kilbel,22913,Cerveza rubia- lata Miller 473 Cm3,2140.0,4524.31,,,1768.6,,https://www.kilbelonline.com/bebidas/cervezas/cerveza-rubia-lata-miller-473-cm3/art_22913/
2026-09-29T09:15:09,Kilbel,23069,Cerveza negra - lata Andes 473 Cm3,2800.0,5919.66,,,2314.05,,https://www.kilbelonline.com/bebidas/cervezas/cerveza-negra-lata-andes-473-cm3/art_23069/
2026-09-29T09:15:09,Kilbel,23070,Cerveza roja - lata Andes 473 Cm3,2800.0,5919.66,,,2314.05,,https://www.kilbelonline.com/bebidas/cervezas/cerveza-roja-lata-andes-473-cm3/art_23070/
2026-09-29T09:15:09,Kilbel,23136,Cerveza rubia - lata Schneider 710 Cm3,2999.0,4223.94,,,2478.51,,https://www.kilbelonline.com/bebidas/cervezas/cerveza-rubia-lata-schneider-710-cm3/art_23136/
2026-09-29T09:15:09,Kilbel,23549,Cerveza rubia lata x473 pack Miller 6 U,12825.0,2137.5,,,10599.17,,https://www.kilbelonline.com/bebidas/cervezas/cerveza-rubia-lata-x473-pack-miller-6-u/art_23549/
2026-09-29T09:15:09,Kilbel,24279,Cerveza lager - lata Amstel 473 Cm3,2245.0,4746.3,,,1855.37,,https://www.kilbelonline.com/bebidas/cervezas/cerveza-lager-lata-amstel-473-cm3/art_24279/
2026-09-29T09:15:09,Kilbel,25600,Cerveza rubia sin alcohol - botella Stella Artois 330 Cm3,2285.0,6924.24,,,1888.43,,https://www.kilbelonline.com/bebidas/cervezas/cerveza-rubia-sin-alcohol-botella-stella-artois-330-cm3/art_25600/
2026-09-29T09:15:09,Kilbel,20237,Cerveza rubia - botella Stella Artois 330 Cm3,3500.0,5303.03,,,2892.56,2,https://www.kilbelonline.com/bebidas/cervezas/cerveza-rubia-botella-stella-artois-330-cm3/art_20237/
2026-09-29T09:15:09,Kilbel,26892,Cerveza rubia - lata Blue Moon 473 Cm3,4400.0,4651.17,,,3636.36,2,https://www.kilbelonline.com/bebidas/cervezas/cerveza-rubia-lata-blue-moon-473-cm3/art_26892/
2026-09-29T09:15:09,Kilbel,29055,Cerveza rubia light s/tacc - b Michelob 275 Cm3,3150.0,7636.37,,,2603.31,3,https://www.kilbelonline.com/bebidas/cervezas/cerveza-rubia-light-s-tacc-b-michelob-275-cm3/art_29055/
2026-09-29T09:15:09,Kilbel,27994,Cerveza rubia botella x330 pack Stella Artois 6 U,21000.0,1750.0,,,17355.37,2,https://www.kilbelonline.com/bebidas/cervezas/cerveza-rubia-botella-x330-pack-stella-artois-6-u/art_27994/
2026-09-29T09:15:09,Kilbel,29078,Cerveza rubia light s/tacc botella pack Michelob 6 U,18900.0,2100.0,,,15619.83,3,https://www.kilbelonline.com/bebidas/cervezas/cerveza-rubia-light-s-tacc-botella-pack-michelob-6-u/art_29078/
2026-09-29T09:15:09,Kilbel,27720,Cerveza lager - lata Antares 473 Cm3,3700.0,6649.05,,,2599.17,,https://www.kilbelonline.com/bebidas/cervezas/cerveza-lager-lata-antares-473-cm3/art_27720/
2026-09-29T09:15:09,Kilbel,27474,Cerveza retornable rubia Quilmes Clasica 1 Lt,4900.0,4410.0,,,3644.63,,https://www.kilbelonline.com/bebidas/cervezas/cerveza-retornable-rubia-quilmes-clasica-1-lt/art_27474/
2026-09-29T09:15:09,Kilbel,26868,Cerveza rubia light sin tacc - lata Michelob 473 Cm3,2800.0,5327.69,,,2082.64,,https://www.kilbelonline.com/bebidas/cervezas/cerveza-rubia-light-sin-tacc-lata-michelob-473-cm3/art_26868/
2026-09-29T09:15:09,Kilbel,27319,Cerveza rubia 0.0% - botella Corona 330 Cm3,3100.0,8454.55,,,2305.79,,https://www.kilbelonline.com/bebidas/cervezas/cerveza-rubia-0-0-botella-corona-330-cm3/art_27319/
2026-09-29T09:15:09,Kilbel,28872,Cerveza - lata Quilmes B.cero 473 Cm3,2400.0,4566.6,,,1785.12,,https://www.kilbelonline.com/bebidas/cervezas/cerveza-lata-quilmes-b-cero-473-cm3/art_28872/
2026-09-29T09:15:09,Kilbel,29054,Cerveza rubia 0% - lata Corona 473 Cm3,3100.0,5898.52,,,2305.79,,https://www.kilbelonline.com/bebidas/cervezas/cerveza-rubia-0-lata-corona-473-cm3/art_29054/
2026-09-29T09:15:09,Kilbel,25708,Cerveza cream stout - lata Pampa 473 Cm3,3500.0,6659.62,,,2603.31,,https://www.kilbelonline.com/bebidas/cervezas/cerveza-cream-stout-lata-pampa-473-cm3/art_25708/
2026-09-29T09:15:09,Kilbel,25729,Cerveza amber ale - lata Pampa 473 Cm3,3200.0,6088.8,,,2380.17,,https://www.kilbelonline.com/bebidas/cervezas/cerveza-amber-ale-lata-pampa-473-cm3/art_25729/
2026-09-29T09:15:09,Kilbel,25731,Cerveza honey ale - lata Pampa 473 Cm3,3200.0,6088.8,,,2380.17,,https://www.kilbelonline.com/bebidas/cervezas/cerveza-honey-ale-lata-pampa-473-cm3/art_25731/
2026-09-29T09:15:09,Kilbel,25734,Cerveza ipa - lata Pampa 473 Cm3,3500.0,6659.62,,,2603.31,,https://www.kilbelonline.com/bebidas/cervezas/cerveza-ipa-lata-pampa-473-cm3/art_25734/
2026-09-29T09:15:09,Kilbel,25744,Cerveza dorada pampeana - lata Pampa 473 Cm3,3200.0,6088.8,,,2380.17,,https://www.kilbelonline.com/bebidas/cervezas/cerveza-dorada-pampeana-lata-pampa-473-cm3/art_25744/
2026-09-29T09:15:09,Kilbel,25762,Cerveza extra stout - lata Guinness 473 Cm3,4900.0,9323.47,,,3644.63,,https://www.kilbelonline.com/bebidas/cervezas/cerveza-extra-stout-lata-guinness-473-cm3/art_25762/
2026-09-29T09:15:09,Kilbel,27258,Cerveza rubia light sin tacc sixpack Michelob 6 U,16800.0,2520.0,,,12495.87,,https://www.kilbelonline.com/bebidas/cervezas/cerveza-rubia-light-sin-tacc-sixpack-michelob-6-u/art_27258/
2026-09-29T09:15:09,Kilbel,27896,Cerveza rubia lata x473 pack Salta 6 U,16800.0,2520.0,,,12495.87,,https://www.kilbelonline.com/bebidas/cervezas/cerveza-rubia-lata-x473-pack-salta-6-u/art_27896/
2026-09-29T09:15:09,Kilbel,29056,Cerveza rubia 0% lata x473 pack Corona 6 U,18600.0,2790.0,,,13834.71,,https://www.kilbelonline.com/bebidas/cervezas/cerveza-rubia-0-lata-x473-pack-corona-6-u/art_29056/
2026-09-29T09:15:09,Kilbel,28953,Cerveza ipa sin alcohol - lata Antares 473 Cm3,3700.0,7431.29,,,2904.96,,https://www.kilbelonline.com/bebidas/cervezas/cerveza-ipa-sin-alcohol-lata-antares-473-cm3/art_28953/
2026-09-29T09:15:09,Kilbel,26850,Cerveza rubia sin alcohol - lata Stella Artois 473 Cm3,2400.0,5074.0,,,1983.47,,https://www.kilbelonline.com/bebidas/cervezas/cerveza-rubia-sin-alcohol-lata-stella-artois-473-cm3/art_26850/
2026-09-29T09:15:09,Kilbel,22925,Cerveza 24.7 - lata Patagonia 473 Cm3,2975.0,6289.64,,,2458.68,,https://www.kilbelonline.com/bebidas/cervezas/cerveza-24-7-lata-patagonia-473-cm3/art_22925/
2026-09-29T09:15:09,Kilbel,23040,Cerveza rubia lata x473 pack Budweiser 6 U,11995.0,1999.17,,,9913.22,,https://www.kilbelonline.com/bebidas/cervezas/cerveza-rubia-lata-x473-pack-budweiser-6-u/art_23040/
2026-09-29T09:15:09,Kilbel,21946,Cerveza rubia - lata Budweiser 473 Cm3,1999.0,4226.22,,,1652.07,,https://www.kilbelonline.com/bebidas/cervezas/cerveza-rubia-lata-budweiser-473-cm3/art_21946/
2026-09-29T09:15:09,Kilbel,29180,Cerveza lager - lata Estrella Galicia 473 Cm3,3055.0,6458.77,,,2524.79,,https://www.kilbelonline.com/bebidas/cervezas/cerveza-lager-lata-estrella-galicia-473-cm3/art_29180/
2026-09-29T09:15:09,Kilbel,29479,Cerveza con limón lata x473 pack Schneider 6 U,13440.0,2240.0,,,11107.44,,https://www.kilbelonline.com/bebidas/cervezas/cerveza-con-limon-lata-x473-pack-schneider-6-u/art_29479/
2026-09-29T09:15:09,Kilbel,27964,Cerveza rubia oro - lata Andes 473 Cm3,2240.0,4735.73,,,1851.24,,https://www.kilbelonline.com/bebidas/cervezas/cerveza-rubia-oro-lata-andes-473-cm3/art_27964/
2026-09-29T09:15:09,Kilbel,28190,Cerveza golden - bot Imperial 330 Cm3,3060.0,9272.73,,,2528.93,,https://www.kilbelonline.com/bebidas/cervezas/cerveza-golden-bot-imperial-330-cm3/art_28190/
2026-09-29T09:15:09,Kilbel,28824,Cerveza rubia - lata Corona 473 Cm3,3400.0,7188.16,,,2809.92,,https://www.kilbelonline.com/bebidas/cervezas/cerveza-rubia-lata-corona-473-cm3/art_28824/
2026-09-29T09:15:09,Kilbel,28911,Cerveza con limón - lata Schneider 473 Cm3,2240.0,4735.73,,,1851.24,,https://www.kilbelonline.com/bebidas/cervezas/cerveza-con-limon-lata-schneider-473-cm3/art_28911/
2026-09-29T09:15:09,Kilbel,29142,Cerveza rubia - lata Brahma 710 Cm3,3299.0,4646.48,,,2726.45,,https://www.kilbelonline.com/bebidas/cervezas/cerveza-rubia-lata-brahma-710-cm3/art_29142/
2026-09-29T09:15:09,Kilbel,29152,Cerveza rubia - lata Budweiser 710 Cm3,3390.0,4774.65,,,2801.65,,https://www.kilbelonline.com/bebidas/cervezas/cerveza-rubia-lata-budweiser-710-cm3/art_29152/
2026-09-29T09:15:09,Kilbel,29153,Cerveza rubia - lata Stella Artois 710 Cm3,5100.0,7183.1,,,4214.88,,https://www.kilbelonline.com/bebidas/cervezas/cerveza-rubia-lata-stella-artois-710-cm3/art_29153/
2026-09-29T09:15:09,Kilbel,29345,Cerveza lager lata x473 pack Estrella Galicia 6 U,18330.0,3055.0,,,15148.76,,https://www.kilbelonline.com/bebidas/cervezas/cerveza-lager-lata-x473-pack-estrella-galicia-6-u/art_29345/
2026-09-29T09:15:09,Kilbel,29399,Cerveza rubia pure gold botella Stella Artois 330 Cm3,3200.0,9696.97,,,2644.63,,https://www.kilbelonline.com/bebidas/cervezas/cerveza-rubia-pure-gold-botella-stella-artois-330-cm3/art_29399/
2026-09-29T09:15:09,Kilbel,29401,Cerveza rubia pure gold botella x330cc Stella Artois 6 U,19200.0,3200.0,,,15867.77,,https://www.kilbelonline.com/bebidas/cervezas/cerveza-rubia-pure-gold-botella-x330cc-stella-artois-6-u/art_29401/
2026-09-29T09:15:09,Kilbel,25256,Cerveza rubia golden - lata Imperial 710 Cm3,3440.0,4845.07,,,2842.98,,https://www.kilbelonline.com/bebidas/cervezas/cerveza-rubia-golden-lata-imperial-710-cm3/art_25256/
2026-09-29T09:15:09,Kilbel,24021,Cerveza rubia 0% - lata Quilmes 473 Cm3,2100.0,4439.75,,,1735.54,,https://www.kilbelonline.com/bebidas/cervezas/cerveza-rubia-0-lata-quilmes-473-cm3/art_24021/
2026-09-29T09:15:09,Kilbel,20733,Cerveza rubia - bot. Corona 710 Ml,6000.0,8450.7,,,4958.68,,https://www.kilbelonline.com/bebidas/cervezas/cerveza-rubia-bot-corona-710-ml/art_20733/
2026-09-29T09:15:09,Kilbel,21576,Cerveza retornable rubia Amstel 1 Lt,508.0,508.0,,,419.83,,https://www.kilbelonline.com/bebidas/cervezas/cerveza-retornable-rubia-amstel-1-lt/art_21576/
2026-09-29T09:15:09,Kilbel,22973,Cerveza rubia botella x330 pack Miller 6 U,21600.0,3600.0,,,17851.24,,https://www.kilbelonline.com/bebidas/cervezas/cerveza-rubia-botella-x330-pack-miller-6-u/art_22973/
2026-09-29T09:15:09,Kilbel,24333,Cerveza  rubia - lata Miller 710 Cm3,3600.0,5070.42,,,2975.21,,https://www.kilbelonline.com/bebidas/cervezas/cerveza-rubia-lata-miller-710-cm3/art_24333/
2026-09-29T09:15:09,Kilbel,24573,Cerveza descartable rubia Stella Artois 710 Cm3,4575.0,6443.66,,,3780.99,,https://www.kilbelonline.com/bebidas/cervezas/cerveza-descartable-rubia-stella-artois-710-cm3/art_24573/
2026-09-29T09:15:09,Kilbel,28689,Cerveza rubia 0% - lata Heineken 473 Cm3,3000.0,6342.49,,,2479.34,,https://www.kilbelonline.com/bebidas/cervezas/cerveza-rubia-0-lata-heineken-473-cm3/art_28689/
2026-09-29T09:15:09,Kilbel,29601,Cerveza mix maracuya - lata Stones 473 Cm3,2750.0,5813.95,,,2272.73,,https://www.kilbelonline.com/bebidas/cervezas/cerveza-mix-maracuya-lata-stones-473-cm3/art_29601/
2026-09-29T09:15:09,Kilbel,23115,Cerveza amber - lata Patagonia 473 Cm3,3600.0,7610.99,,,2975.21,,https://www.kilbelonline.com/bebidas/cervezas/cerveza-amber-lata-patagonia-473-cm3/art_23115/
2026-09-29T09:15:09,Kilbel,29682,Cerveza rubia ft.limón - lata Brahma 473 Cm3,1960.0,4143.76,,,1619.83,,https://www.kilbelonline.com/bebidas/cervezas/cerveza-rubia-ft-limon-lata-brahma-473-cm3/art_29682/
2026-09-29T09:15:09,Kilbel,29683,Cerveza rubia ft.pomelo - lata Brahma 473 Cm3,1960.0,4143.76,,,1619.83,,https://www.kilbelonline.com/bebidas/cervezas/cerveza-rubia-ft-pomelo-lata-brahma-473-cm3/art_29683/
2026-09-29T09:15:09,Kilbel,26298,Cerveza belgian white Blue Moon 355 Ml,4200.0,11830.99,,,3471.07,,https://www.kilbelonline.com/bebidas/cervezas/cerveza-belgian-white-blue-moon-355-ml/art_26298/
2026-09-29T09:15:09,Kilbel,26852,Cerveza lager - lata Goose Island 473 Cm3,2259.0,4775.9,,,1866.94,,https://www.kilbelonline.com/bebidas/cervezas/cerveza-lager-lata-goose-island-473-cm3/art_26852/
2026-09-29T09:15:09,Kilbel,27136,Cerveza session ipa - lata Salta 473 Cm3,2800.0,5919.66,,,2314.05,,https://www.kilbelonline.com/bebidas/cervezas/cerveza-session-ipa-lata-salta-473-cm3/art_27136/
2026-09-29T09:15:09,Kilbel,27864,Cerveza rubia oro - Andes 1 Lt,5400.0,5400.0,,,4462.81,,https://www.kilbelonline.com/bebidas/cervezas/cerveza-rubia-oro-andes-1-lt/art_27864/
2026-09-29T09:15:09,Kilbel,28188,Cerveza rubia - lata 1890 473 Cm3,1700.0,3594.08,,,1404.96,,https://www.kilbelonline.com/bebidas/cervezas/cerveza-rubia-lata-1890-473-cm3/art_28188/
2026-09-29T09:15:09,Kilbel,28622,Cerveza hop house - lata Guinness 473 Cm3,4400.0,9302.33,,,3636.36,,https://www.kilbelonline.com/bebidas/cervezas/cerveza-hop-house-lata-guinness-473-cm3/art_28622/
2026-09-29T09:15:09,Kilbel,28841,Cerveza munich helles - lata Rabieta 473 Cm3,4400.0,9302.33,,,3636.36,,https://www.kilbelonline.com/bebidas/cervezas/cerveza-munich-helles-lata-rabieta-473-cm3/art_28841/
2026-09-29T09:15:09,Kilbel,28874,Cerveza rubia - lata Brahma 354 Cm3,2054.0,5802.26,,,1697.52,,https://www.kilbelonline.com/bebidas/cervezas/cerveza-rubia-lata-brahma-354-cm3/art_28874/
2026-09-29T09:15:09,Kilbel,29386,Cerveza lager - botella Estrella Galicia 355 Cm3,3450.0,9718.31,,,2851.24,,https://www.kilbelonline.com/bebidas/cervezas/cerveza-lager-botella-estrella-galicia-355-cm3/art_29386/
2026-09-29T09:15:09,Kilbel,29387,Cerveza lager botella x355 pack Estrella Galicia 6 U,20700.0,3450.0,,,17107.44,,https://www.kilbelonline.com/bebidas/cervezas/cerveza-lager-botella-x355-pack-estrella-galicia-6-u/art_29387/
2026-09-29T09:15:09,Kilbel,29508,Cerveza rubia pure gold Stella Artois 473 Cm3,3300.0,6976.74,,,2727.27,,https://www.kilbelonline.com/bebidas/cervezas/cerveza-rubia-pure-gold-stella-artois-473-cm3/art_29508/
2026-09-29T09:15:09,Kilbel,29509,Cerveza rubia pure gold lata x473cc Stella Artois 6 U,19800.0,3300.0,,,16363.64,,https://www.kilbelonline.com/bebidas/cervezas/cerveza-rubia-pure-gold-lata-x473cc-stella-artois-6-u/art_29509/
2026-09-29T09:15:09,Kilbel,29600,Cerveza mix lemon - lata Stones 473 Cm3,2750.0,5813.95,,,2272.73,,https://www.kilbelonline.com/bebidas/cervezas/cerveza-mix-lemon-lata-stones-473-cm3/art_29600/
2026-09-29T09:15:09,Kilbel,27468,Fernet Capri 700 Ml,5700.0,7735.72,,,4475.21,,https://www.kilbelonline.com/bebidas/aperitivos/fernet/fernet-capri-700-ml/art_27468/
2026-09-29T09:15:09,Kilbel,25092,Fernet a la menta Branca 750 Ml,16300.0,21733.33,,,13471.07,,https://www.kilbelonline.com/bebidas/aperitivos/fernet/fernet-a-la-menta-branca-750-ml/art_25092/
2026-09-29T09:15:09,Kilbel,26978,Fernet Buhero Negro 700 Ml,10455.0,14935.71,,,8640.5,,https://www.kilbelonline.com/bebidas/aperitivos/fernet/fernet-buhero-negro-700-ml/art_26978/
2026-09-29T09:15:09,Kilbel,28930,Fernet mandelo Buhero Negro 700 Ml,11560.0,16514.29,,,9553.72,,https://www.kilbelonline.com/bebidas/aperitivos/fernet/fernet-mandelo-buhero-negro-700-ml/art_28930/
2026-09-29T09:15:09,Kilbel,29397,Fernet Buhero Negro 450 Ml,7395.0,16433.33,,,6111.57,,https://www.kilbelonline.com/bebidas/aperitivos/fernet/fernet-buhero-negro-450-ml/art_29397/
2026-09-29T09:15:09,Kilbel,20533,Fernet Branca 750 Ml,19700.0,26266.67,,,16280.99,,https://www.kilbelonline.com/bebidas/aperitivos/fernet/fernet-branca-750-ml/art_20533/
2026-09-29T09:15:09,Kilbel,23681,Fernet speciale Vittone 750 Ml,7690.0,10253.33,,,6355.37,,https://www.kilbelonline.com/bebidas/aperitivos/fernet/fernet-speciale-vittone-750-ml/art_23681/
2026-09-29T09:15:09,Kilbel,26387,Fernet Branca 1 Lt,27250.0,27250.0,,,22520.66,,https://www.kilbelonline.com/bebidas/aperitivos/fernet/fernet-branca-1-lt/art_26387/
2026-09-29T09:15:09,Kilbel,20522,Fernet Branca 450 Ml,13800.0,30666.67,,,11404.96,,https://www.kilbelonline.com/bebidas/aperitivos/fernet/fernet-branca-450-ml/art_20522/
2026-09-29T09:15:09,Kilbel,26173,Fernet edición mundial Branca 750 Ml,18900.0,25200.0,,,15619.83,,https://www.kilbelonline.com/bebidas/aperitivos/fernet/fernet-edicion-mundial-branca-750-ml/art_26173/
2026-09-29T09:15:09,Kilbel,28674,Fernet edición aniversario Branca 750 Ml,18950.0,25266.67,,,15661.16,,https://www.kilbelonline.com/bebidas/aperitivos/fernet/fernet-edicion-aniversario-branca-750-ml/art_28674/
